Track,Driver_Number,Corner_ID,Apex_Speed,Exit_Speed,Speed_Delta,Corner_Distance_m,Max_Curvature,Braking_Dist_To_Apex_m,Trail_Braking_Pct,Throttle_App_From_Apex_m,Coasting_Pct,Average_Throttle,Minimum_Gear
Monza,1,1,340,343,0,1765.4713826140778,1.4833009859925053,0.0,0.0,0.0,0.0,100.0,8
Monza,1,2,74,87,88,1170.135486368452,0.3606526944649423,0.0,37.5,0.0,31.25,9.1875,2
Monza,1,3,263,305,0,3260.1158138962146,0.12325762857298445,0.0,0.0,0.0,0.0,100.0,6
Monza,1,4,109,146,44,1011.8242926194325,0.27981821413145225,162.7043688936683,33.33333333333333,0.0,8.333333333333332,31.083333333333332,3
Monza,1,5,199,219,57,1962.6864169553555,0.23024652266616458,0.0,36.36363636363637,0.0,0.0,61.72727272727273,5
Monza,1,6,184,206,57,1057.9010014354062,0.18665656736214165,153.44380078712857,44.44444444444444,0.0,0.0,44.44444444444444,5
Monza,1,7,193,256,69,3232.0372134393547,0.2671542106659818,0.0,15.789473684210526,0.0,0.0,73.73684210526316,5
Monza,1,8,215,280,107,4140.773597046806,0.26174517021606725,0.0,21.052631578947366,0.0,0.0,74.47368421052632,6
Monza,2,1,69,80,58,849.0211396334234,1.2132304752184657,175.77755249443726,35.294117647058826,0.0,35.294117647058826,7.294117647058823,2
Monza,2,2,127,221,0,1165.5155047986227,0.9127308606049999,0.0,0.0,0.0,0.0,95.3,2
Monza,2,3,294,309,0,1702.2290417445965,0.07833022049620592,0.0,0.0,0.0,0.0,100.0,8
Monza,2,4,103,151,35,1154.8968095308846,0.24354401300738004,0.0,30.76923076923077,0.0,7.6923076923076925,30.23076923076923,3
Monza,2,5,192,212,68,1831.1258096716228,0.1766406672634811,0.0,35.714285714285715,0.0,14.285714285714285,33.07142857142857,5
Monza,2,6,226,255,0,1141.544125039487,0.7487531969110608,0.0,0.0,0.0,0.0,100.0,6
Monza,2,7,173,192,46,994.2580435159362,0.21468624090748034,0.0,37.5,0.0,0.0,34.25,5
Monza,2,8,202,238,0,674.9871140527612,1.336767464925245,0.0,0.0,0.0,0.0,100.0,5
Monza,2,9,177,254,64,2808.0617641807185,0.19423683948429693,0.0,14.285714285714285,0.0,4.761904761904762,69.71428571428571,5
Monza,2,10,199,268,86,3534.747973610756,0.26389697460634665,0.0,19.047619047619047,0.0,0.0,67.66666666666667,6
Monza,4,1,339,339,1,1345.9230751087134,1.4839943424978161,0.0,0.0,0.0,0.0,98.85714285714286,8
Monza,4,2,71,92,97,1156.0251970348381,1.2833993932897245,0.0,25.0,0.0,37.5,11.5625,2
Monza,4,3,283,309,0,2730.013997525328,0.3565984220508054,0.0,0.0,0.0,0.0,99.0,7
Monza,4,4,113,136,52,1013.0160323680575,0.22523515359085847,0.0,33.33333333333333,0.0,0.0,27.25,3
Monza,4,5,198,214,64,1414.1505384235825,0.21758914254238748,0.0,30.76923076923077,0.0,23.076923076923077,37.38461538461539,5
Monza,4,6,184,198,26,944.4688178379038,0.20574691099092024,0.0,25.0,0.0,25.0,33.625,5
Monza,4,7,192,261,43,2926.9870984442096,0.24305057369187277,101.2373448881408,16.666666666666664,0.0,0.0,73.94444444444444,5
Monza,4,8,211,266,42,3323.023218173781,1.9102523933560178,0.0,10.0,0.0,10.0,68.0,5
Monza,10,1,70,77,100,1063.1351707334925,0.3849142752221579,0.0,43.75,0.0,25.0,7.6875,2
Monza,10,2,285,307,0,2373.8411236085576,0.4381043491912657,0.0,0.0,0.0,0.0,100.0,7
Monza,10,3,111,151,28,1115.5717304552527,0.28746320548528187,0.0,21.428571428571427,0.0,21.428571428571427,30.857142857142858,3
Monza,10,4,185,219,61,1907.0378818894715,0.2000036840753124,0.0,35.714285714285715,0.0,7.142857142857142,40.142857142857146,5
Monza,10,5,175,193,34,938.0177135527629,1.6897966201776766,0.0,22.22222222222222,0.0,33.33333333333333,33.22222222222222,4
Monza,10,6,184,184,48,874.1634112523025,1.5601015473980286,0.0,42.857142857142854,0.0,28.57142857142857,16.142857142857142,5
Monza,10,7,195,253,0,1798.6701331756922,0.18486520216502744,0.0,0.0,0.0,0.0,94.76923076923077,5
Monza,10,8,200,264,51,3381.9164458415253,0.21560205646893427,0.0,20.0,0.0,15.0,61.05,5
Monza,11,1,66,75,106,1012.6387391033968,0.3091550518468026,0.0,47.05882352941176,0.0,29.411764705882355,6.705882352941177,2
Monza,11,2,286,298,0,1339.1770400885907,0.09963577341813701,0.0,0.0,0.0,0.0,100.0,7
Monza,11,4,107,143,54,988.4892499148118,0.2378476094274961,0.0,26.666666666666668,0.0,6.666666666666667,32.6,3
Monza,11,5,197,217,64,2056.6070169252453,0.20722459066308493,0.0,33.33333333333333,0.0,0.0,47.583333333333336,5
Monza,11,6,183,200,56,1105.2863105228207,0.23060771365908417,0.0,37.5,0.0,0.0,42.125,5
Monza,11,7,190,267,73,3504.0445305492685,1.6588037003226375,169.04733065032633,17.391304347826086,0.0,4.3478260869565215,77.26086956521739,5
Monza,11,8,214,257,109,3040.931423570408,2.1571487668237843,0.0,28.57142857142857,0.0,0.0,67.85714285714286,6
Monza,14,1,332,337,0,1289.7861194308243,1.4851628882282388,0.0,0.0,0.0,0.0,100.0,8
Monza,14,2,70,89,80,1105.427092275946,0.35754584963941194,90.25418547101071,37.5,0.0,25.0,12.4375,2
Monza,14,3,249,276,0,1013.078138186027,1.4204248987877621,0.0,0.0,0.0,0.0,100.0,6
Monza,14,4,286,304,0,1854.5920760315967,0.08391853317363462,0.0,0.0,0.0,0.0,100.0,8
Monza,14,5,103,167,71,1352.6693486601944,0.317157606963534,149.7593532744031,38.46153846153847,0.0,0.0,36.15384615384615,3
Monza,14,6,188,219,45,1667.6937427704033,0.19891513605648792,188.353391262277,38.46153846153847,0.0,0.0,45.46153846153846,5
Monza,14,7,180,206,36,1186.740299734869,0.2549907754643469,0.0,42.857142857142854,0.0,14.285714285714285,40.42857142857143,5
Monza,14,8,184,192,31,751.4759474143793,0.21015367251885209,0.0,42.857142857142854,0.0,0.0,32.857142857142854,5
Monza,14,9,210,264,0,2135.2208049122783,1.781494871250155,0.0,0.0,0.0,0.0,99.81818181818181,5
Monza,14,10,201,258,93,3219.0494811172175,0.2211132987525941,0.0,27.77777777777778,0.0,5.555555555555555,61.77777777777778,5
Monza,16,1,74,84,180,1329.6277746973574,0.39164022167345536,179.1016537143296,50.0,0.0,7.142857142857142,12.785714285714286,2
Monza,16,2,243,310,0,4337.960342658407,0.7642627246057522,0.0,0.0,0.0,0.0,99.80952380952381,6
Monza,16,3,109,176,53,1335.7107651242768,0.285947351697872,161.31955864060728,45.45454545454545,0.0,0.0,37.90909090909091,4
Monza,16,4,195,223,70,1785.192453956679,1.3199924868384438,0.0,25.0,0.0,8.333333333333332,48.5,5
Monza,16,5,184,207,55,1161.1416837573634,0.22823235037694656,0.0,44.44444444444444,0.0,0.0,41.55555555555556,5
Monza,16,6,195,258,34,2703.776829429771,0.20619734953065938,81.93289937503869,16.666666666666664,0.0,0.0,73.66666666666667,5
Monza,16,7,216,269,70,3451.2792067124537,0.27765844962409836,0.0,20.0,0.0,0.0,70.8,6
Monza,18,1,69,85,65,1063.352560902882,0.3490562921182559,124.81153846151028,35.294117647058826,0.0,23.52941176470588,10.0,2
Monza,18,3,297,306,0,1170.6453368220155,0.08072950107900895,0.0,0.0,0.0,0.0,99.0,8
Monza,18,4,107,135,42,1039.772738581567,0.34447391523828325,166.97305363104533,42.857142857142854,0.0,7.142857142857142,24.285714285714285,3
Monza,18,5,178,213,56,1771.414136169169,0.1655845164075091,0.0,38.46153846153847,0.0,15.384615384615385,36.38461538461539,5
Monza,18,6,171,178,66,1103.5208125092977,0.24001615738160664,0.0,25.0,0.0,25.0,29.25,4
Monza,18,7,235,289,0,1579.1693929173598,2.6520608592252737,0.0,0.0,0.0,0.0,99.0,6
Monza,18,8,170,173,74,730.1338106191688,0.20895169083826481,0.0,42.857142857142854,0.0,28.57142857142857,16.0,5
Monza,18,9,195,253,0,1663.0848894399678,1.792523367111298,0.0,0.0,0.0,0.0,95.0,5
Monza,18,10,309,317,0,1341.6505900531702,1.6622174971547186,0.0,0.0,0.0,0.0,99.0,8
Monza,18,11,184,276,53,3898.533012384425,0.1865453080342434,0.0,25.0,0.0,4.166666666666666,66.5,5
Monza,20,1,71,80,68,978.0394086990655,1.3404745944724428,0.0,43.75,0.0,31.25,7.25,2
Monza,20,2,276,300,0,2037.3613397143927,0.08330907956604139,0.0,0.0,0.0,0.0,99.0,7
Monza,20,3,112,133,41,978.3087552054167,0.2947301052093774,0.0,38.46153846153847,0.0,7.6923076923076925,24.307692307692307,3
Monza,20,4,187,207,67,1606.2726939758722,0.24569129900379605,197.43606560099215,50.0,0.0,0.0,54.583333333333336,5
Monza,20,5,180,185,61,807.7426570887292,2.4535600606200867,0.0,50.0,0.0,0.0,26.75,5
Monza,20,6,327,335,0,1970.5374978410546,2.425849063920913,0.0,0.0,0.0,0.0,99.0,8
Monza,20,7,181,252,57,3002.7278276655634,0.22931614107521026,0.0,16.666666666666664,0.0,5.555555555555555,62.72222222222222,5
Monza,20,8,195,264,117,3535.6451511361083,1.9284595778061027,0.0,27.27272727272727,0.0,4.545454545454546,59.09090909090909,5
Monza,22,1,70,82,84,1059.5334674305232,0.35066721127280354,0.0,33.33333333333333,0.0,33.33333333333333,10.8,2
Monza,22,2,280,294,0,1194.974960653415,1.1385467039986215,0.0,0.0,0.0,0.0,100.0,7
Monza,22,3,302,308,0,965.3170756442414,0.06322662085740191,0.0,0.0,0.0,0.0,100.0,8
Monza,22,4,103,141,56,1050.4115284128602,0.2425461347881506,0.0,33.33333333333333,0.0,8.333333333333332,32.0,3
Monza,22,5,193,220,69,1811.9470474422887,1.2954450621946652,0.0,25.0,0.0,8.333333333333332,48.5,5
Monza,22,6,180,191,54,974.8465635657085,0.1935435559361306,0.0,37.5,0.0,25.0,33.5,5
Monza,22,7,251,279,0,1195.8570177338115,2.6303891840722335,0.0,0.0,0.0,0.0,100.0,6
Monza,22,8,185,185,51,897.4593918874671,0.22482819629563122,0.0,28.57142857142857,0.0,28.57142857142857,18.0,5
Monza,22,9,199,248,0,1812.7603570237188,0.17686105261435814,0.0,0.0,0.0,0.0,94.83333333333333,5
Monza,22,10,204,273,114,3887.0043802382934,0.1941848446064336,0.0,16.666666666666664,0.0,4.166666666666666,66.95833333333333,5
Monza,23,1,73,79,69,988.5371154579552,0.29745499663061625,146.29755473272235,43.75,0.0,18.75,5.4375,2
Monza,23,2,279,303,0,1915.3796011225295,0.1035710732196698,0.0,0.0,0.0,0.0,100.0,7
Monza,23,3,107,153,62,1216.1499471129573,0.20545413197366458,144.56917029747638,28.57142857142857,0.0,14.285714285714285,24.214285714285715,3
Monza,23,4,196,208,67,1596.6138953290501,0.1813545158409891,0.0,30.76923076923077,0.0,0.0,35.15384615384615,5
Monza,23,5,183,206,59,1337.3372809715038,0.18378436325925174,0.0,33.33333333333333,0.0,11.11111111111111,34.55555555555556,5
Monza,23,6,186,260,63,2776.970963288455,2.2763645044801075,0.0,14.285714285714285,0.0,4.761904761904762,67.19047619047619,5
Monza,23,7,207,276,57,3913.1477842308086,0.17742265977271532,0.0,20.833333333333336,0.0,0.0,63.583333333333336,6
Monza,24,1,66,77,76,908.6767391205703,1.2842615598373017,186.3071890075771,50.0,0.0,18.75,6.875,2
Monza,24,2,285,300,0,1466.6528770150871,0.09747675973110503,0.0,0.0,0.0,0.0,100.0,7
Monza,24,4,105,146,69,1359.783584938239,0.2519174189981408,0.0,30.76923076923077,0.0,0.0,33.0,3
Monza,24,5,182,217,77,1871.333157866342,0.3873954680882863,0.0,54.54545454545454,0.0,0.0,40.90909090909091,5
Monza,24,6,169,186,47,1038.4306574829352,0.2268816260838401,0.0,37.5,0.0,0.0,46.25,5
Monza,24,7,185,249,64,2968.6350044663195,2.290211121671495,0.0,16.666666666666664,0.0,0.0,68.72222222222223,5
Monza,24,8,199,272,42,3564.7562823878325,0.18628883798940055,0.0,18.181818181818183,0.0,0.0,70.45454545454545,6
Monza,27,1,74,89,56,981.6665549535355,0.32118067289387536,0.0,27.77777777777778,0.0,27.77777777777778,12.11111111111111,2
Monza,27,2,290,308,0,2135.368033225981,0.945773607373399,0.0,0.0,0.0,0.0,99.72727272727273,7
Monza,27,3,108,162,28,1196.9634599114652,0.25462081979633505,0.0,16.666666666666664,0.0,16.666666666666664,38.25,4
Monza,27,4,195,212,60,1752.41895362809,0.22967953330092306,0.0,36.36363636363637,0.0,0.0,44.72727272727273,5
Monza,27,5,173,197,34,1063.0203687875437,0.17561631309099301,0.0,33.33333333333333,0.0,11.11111111111111,40.22222222222222,5
Monza,27,6,184,192,123,1292.224174302697,0.2551409939124929,0.0,42.857142857142854,0.0,0.0,35.857142857142854,5
Monza,27,7,205,258,0,1752.2917534696608,1.8209968745725373,0.0,0.0,0.0,0.0,98.25,5
Monza,27,8,205,266,89,3358.759195030725,1.8463479850227908,0.0,23.809523809523807,0.0,9.523809523809524,65.28571428571429,6
Monza,27,9,283,301,0,1412.4149293569717,1.5409722369886296,0.0,0.0,0.0,0.0,100.0,7
Monza,31,1,64,69,95,987.6679399678324,0.30522598839015247,171.11735476491594,52.94117647058824,0.0,23.52941176470588,4.705882352941177,2
Monza,31,4,298,309,0,1538.7661503373984,0.1882574008363343,0.0,0.0,0.0,0.0,100.0,7
Monza,31,5,106,141,29,1082.9360543515577,0.23311072186956067,0.0,23.076923076923077,0.0,23.076923076923077,32.92307692307692,3
Monza,31,6,184,204,54,1617.237593830021,0.1903340423717778,124.47088012864697,46.15384615384615,0.0,0.0,39.53846153846154,5
Monza,31,7,172,186,37,827.9834424347682,1.717874682183299,105.64563407921742,62.5,0.0,0.0,30.0,5
Monza,31,8,179,181,56,711.6582176198863,2.2531128816696446,0.0,42.857142857142854,0.0,0.0,25.0,5
Monza,31,9,186,246,0,1757.1537544277162,0.15051610393979253,0.0,8.333333333333332,0.0,0.0,93.58333333333333,5
Monza,31,10,197,267,72,3631.064783175352,0.21816801770644378,0.0,25.0,0.0,0.0,65.58333333333333,5
Monza,40,1,70,78,72,990.5386703659351,1.2435005427302972,0.0,37.5,0.0,25.0,9.5,2
Monza,40,4,294,308,0,1739.4708886382596,0.0808816840683978,0.0,0.0,0.0,0.0,100.0,7
Monza,40,5,105,153,58,1226.9911161130294,0.22556835887165577,0.0,28.57142857142857,0.0,14.285714285714285,30.071428571428573,3
Monza,40,6,186,224,70,1767.7593449078668,0.2029708362219262,0.0,38.46153846153847,0.0,7.6923076923076925,42.53846153846154,5
Monza,40,7,177,184,28,958.978978135292,1.6657480331376529,170.60187572239738,33.33333333333333,231.31147831441558,22.22222222222222,37.333333333333336,5
Monza,40,8,186,257,60,3008.0797942163117,2.287122158028259,0.0,15.789473684210526,0.0,10.526315789473683,66.94736842105263,5
Monza,40,9,198,270,59,3396.582113599543,1.2778041053867455,0.0,19.047619047619047,0.0,9.523809523809524,66.0952380952381,5
Monza,44,1,68,81,103,981.7179078543177,0.3920779640057943,131.0521188423827,33.33333333333333,0.0,33.33333333333333,8.733333333333333,3
Monza,44,2,284,296,0,1216.8026559388472,0.08838620386827406,0.0,0.0,0.0,0.0,100.0,8
Monza,44,4,110,142,106,1263.629502345284,0.26949316158972825,0.0,15.384615384615385,0.0,15.384615384615385,36.76923076923077,3
Monza,44,5,197,216,64,1601.218113191786,0.5709031837970396,0.0,30.76923076923077,0.0,0.0,50.69230769230769,5
Monza,44,6,181,202,83,1344.823407177475,0.20521964730586562,0.0,33.33333333333333,0.0,11.11111111111111,42.77777777777778,5
Monza,44,7,188,260,59,2760.6491216309005,2.2666906718407347,0.0,23.52941176470588,0.0,0.0,72.17647058823529,5
Monza,44,8,297,307,0,918.8498087567496,1.6620250421481702,0.0,0.0,0.0,0.0,100.0,8
Monza,44,9,208,274,77,3806.083247725881,0.32508329350273923,0.0,20.0,0.0,0.0,74.0,6
Monza,55,1,70,111,63,1123.892439334034,0.41956387860809674,189.97767555891733,57.14285714285714,0.0,7.142857142857142,16.928571428571427,2
Monza,55,2,280,303,0,1824.4916472485893,0.07769078101680182,0.0,0.0,0.0,0.0,100.0,7
Monza,55,4,112,156,30,1129.2039656740417,0.25650612991462235,104.66135867644698,33.33333333333333,0.0,0.0,37.0,4
Monza,55,5,196,222,68,1735.1130740624612,1.2939981681629065,151.01324445226783,46.15384615384615,0.0,0.0,50.38461538461539,5
Monza,55,6,179,195,59,1056.5514649123506,0.24268019712867306,0.0,37.5,0.0,12.5,42.0,5
Monza,55,7,196,256,47,2780.8471091193715,1.9158477481049805,138.74076545846037,25.0,0.0,0.0,73.8,5
Monza,55,8,206,279,79,3902.6565244068115,0.21961422756541915,91.92388155424851,21.73913043478261,0.0,4.3478260869565215,66.6086956521739,6
Monza,55,9,293,303,0,1089.5619487627482,1.5504187130628124,0.0,0.0,0.0,0.0,99.0,7
Monza,63,1,68,84,97,1091.8222805888236,0.3301926029304132,171.12671619109096,50.0,0.0,16.666666666666664,9.944444444444445,3
Monza,63,2,286,300,0,1362.1136020742506,0.1029331129322168,0.0,0.0,0.0,0.0,100.0,8
Monza,63,4,109,171,51,1458.8756652330776,0.2781650151413941,151.53732646687058,30.76923076923077,0.0,7.6923076923076925,37.46153846153846,3
Monza,63,5,199,221,55,2172.1457711180446,0.23474885977864096,123.06502346320849,23.076923076923077,0.0,0.0,72.3076923076923,5
Monza,63,6,189,199,33,832.0858284139867,2.4680543566072286,0.0,42.857142857142854,0.0,14.285714285714285,34.714285714285715,5
Monza,63,7,217,254,0,898.2084875264081,2.661722279107233,0.0,0.0,0.0,0.0,100.0,5
Monza,63,8,196,259,89,3077.468070228002,0.26906862379457996,0.0,26.666666666666668,0.0,0.0,69.13333333333334,5
Monza,63,9,207,268,113,3543.2202291983704,1.7605389748266345,0.0,33.33333333333333,0.0,0.0,65.125,5
Monza,77,1,72,84,65,1090.30385545621,0.3822423306341296,0.0,41.17647058823529,0.0,17.647058823529413,10.647058823529411,2
Monza,77,2,274,298,0,1870.3569140308446,0.07863697721127139,0.0,0.0,0.0,0.0,100.0,7
Monza,77,4,105,135,39,1106.089332085401,0.2201162323987541,172.5421474697032,35.714285714285715,0.0,0.0,31.785714285714285,3
Monza,77,5,187,218,75,2015.5851282174517,0.2541439614564191,0.0,33.33333333333333,0.0,16.666666666666664,48.833333333333336,5
Monza,77,6,174,184,44,1091.7753837976597,0.23046241102830145,0.0,37.5,0.0,12.5,37.5,5
Monza,77,7,177,256,108,3219.399457072497,0.8349538346468,0.0,15.789473684210526,0.0,0.0,68.21052631578948,5
Monza,77,8,319,329,0,2325.7742418119087,1.662304750066915,0.0,0.0,0.0,0.0,100.0,8
Monza,77,9,198,279,71,4074.077820073937,0.26515760934791444,85.86617494683014,23.809523809523807,0.0,0.0,71.80952380952381,6
Monza,81,1,71,80,112,1085.2799232880152,1.5920697128189578,0.0,25.0,0.0,37.5,10.1875,2
Monza,81,2,274,304,0,2518.442327230161,0.09134557360985401,0.0,0.0,0.0,0.0,99.0,7
Monza,81,3,113,143,54,1144.9185242221574,0.22893601427257246,0.0,28.57142857142857,0.0,7.142857142857142,26.428571428571427,3
Monza,81,4,204,224,55,1833.6706841580963,0.19524830983493352,0.0,23.076923076923077,0.0,15.384615384615385,48.53846153846154,5
Monza,81,5,189,196,49,989.4094335969821,0.17805891715373445,0.0,22.22222222222222,0.0,22.22222222222222,32.22222222222222,5
Monza,81,6,196,260,46,2882.813844245269,2.212742226888686,0.0,17.647058823529413,0.0,5.88235294117647,63.05882352941177,5
Monza,81,7,213,279,44,3609.2958042239334,1.988524378499236,0.0,8.695652173913043,0.0,13.043478260869565,69.21739130434783,5
Singapore,1,1,85,107,136,2413.006840173652,1.8070415875133339,75.69015788066463,42.30769230769231,57.4282160614448,7.6923076923076925,24.653846153846153,3
Singapore,1,3,153,173,98,1658.0740368645966,0.2536560348984167,127.61269529321908,46.15384615384615,0.0,0.0,47.38461538461539,4
Singapore,1,5,114,119,90,840.2359949361453,2.4049363415022764,0.0,45.45454545454545,0.0,9.090909090909092,16.818181818181817,3
Singapore,1,6,75,80,78,621.0000990955959,1.5045205606465597,123.01911133256726,50.0,0.0,16.666666666666664,6.25,3
Singapore,1,7,130,146,47,1232.0629886173629,2.477410325186608,0.0,27.27272727272727,0.0,9.090909090909092,44.63636363636363,4
Singapore,1,8,111,111,92,1926.165907225928,0.3148411007525441,0.0,44.44444444444444,0.0,0.0,30.944444444444443,3
Singapore,1,9,125,200,0,1029.8629205075667,0.4420333080910678,0.0,0.0,0.0,0.0,95.11111111111111,3
Singapore,1,10,69,77,79,854.4155762862174,0.4508776348329642,192.6659027920614,50.0,0.0,16.666666666666664,10.083333333333334,2
Singapore,1,11,87,167,73,1339.317411329299,0.3579955572081501,196.1399767415205,29.411764705882355,0.0,5.88235294117647,42.529411764705884,3
Singapore,1,12,237,259,0,1040.174404884514,0.11300210182199756,0.0,0.0,0.0,0.0,100.0,6
Singapore,1,13,108,161,58,1523.2820782279305,0.3079958528673561,185.7197443287223,27.77777777777778,0.0,0.0,37.888888888888886,3
Singapore,1,14,214,244,33,1934.0704841920306,0.2522933791044946,0.0,8.333333333333332,0.0,0.0,81.75,5
Singapore,2,1,87,114,159,2347.698860311459,0.28241120408732123,197.31271545613345,44.0,0.0,12.0,19.56,3
Singapore,2,3,148,159,106,1363.0261551022777,2.8904640064990055,0.0,50.0,0.0,10.0,30.5,4
Singapore,2,5,112,134,141,1292.479949655375,2.6738467068791385,0.0,41.66666666666667,0.0,8.333333333333332,25.0,3
Singapore,2,6,74,94,37,596.1123701742799,0.2742045922061982,176.62959202817729,41.66666666666667,0.0,8.333333333333332,13.333333333333334,3
Singapore,2,7,125,161,45,1418.2915304771486,2.323947607757091,0.0,16.666666666666664,0.0,16.666666666666664,57.833333333333336,4
Singapore,2,8,106,109,76,1850.229492344526,0.2805735990186108,85.90692637965913,35.0,0.0,20.0,15.65,3
Singapore,2,9,141,178,0,658.6507706638622,0.2500722480153973,0.0,0.0,0.0,0.0,74.5,3
Singapore,2,10,67,82,109,674.8581383565761,0.9575889779203873,190.25669834384462,46.15384615384615,0.0,23.076923076923077,8.384615384615385,2
Singapore,2,11,91,102,47,693.5016913078653,1.0508285200463683,161.06303883849614,40.0,0.0,10.0,11.5,3
Singapore,2,12,221,254,0,1067.6064972924141,0.1425439970355456,0.0,0.0,0.0,0.0,100.0,6
Singapore,2,13,109,168,31,1665.5697332935233,0.4782489197745381,0.0,22.22222222222222,0.0,5.555555555555555,34.166666666666664,3
Singapore,2,14,197,231,42,1633.190114572375,1.4427134837198563,0.0,23.076923076923077,0.0,0.0,64.0,5
Singapore,4,1,87,184,138,2886.480365427305,1.4775007050546147,130.2688833435741,42.42424242424242,0.0,6.0606060606060606,33.878787878787875,2
Singapore,4,2,155,196,95,2099.016328869132,1.5154677162079488,0.0,14.285714285714285,0.0,7.142857142857142,67.14285714285714,4
Singapore,4,4,117,164,48,1122.2360888229487,0.24043546679922168,0.0,36.36363636363637,0.0,18.181818181818183,35.27272727272727,3
Singapore,4,5,77,85,61,635.3100146377437,0.33068957635540897,199.9114477568437,54.54545454545454,0.0,9.090909090909092,10.090909090909092,2
Singapore,4,6,128,182,57,1621.6268666679862,0.2352781253166789,151.49974458566066,50.0,0.0,0.0,35.642857142857146,3
Singapore,4,7,111,180,129,3002.6358768478167,0.2597070155929297,0.0,25.0,0.0,10.714285714285714,45.107142857142854,3
Singapore,4,8,64,76,103,802.5711568828119,0.3601155835013705,184.78549304199987,53.84615384615385,0.0,7.6923076923076925,10.0,2
Singapore,4,9,90,97,173,1119.5032986623046,1.1615867780502505,186.82798722647567,66.66666666666666,0.0,8.333333333333332,7.75,2
Singapore,4,10,237,252,0,876.5927250732348,0.12732281408800472,0.0,0.0,0.0,0.0,99.0,6
Singapore,4,11,112,181,20,1502.6733312676224,0.3394092947631762,0.0,23.52941176470588,0.0,11.76470588235294,41.94117647058823,3
Singapore,4,12,210,239,38,1860.22458180166,0.2508229753442247,0.0,7.6923076923076925,0.0,7.6923076923076925,76.61538461538461,5
Singapore,10,1,137,154,96,1176.976301362282,0.2398270874903925,0.0,28.57142857142857,0.0,21.428571428571427,27.071428571428573,4
Singapore,10,2,90,178,62,1501.2711142592243,0.34652631719315896,0.0,16.666666666666664,0.0,22.22222222222222,49.166666666666664,3
Singapore,10,3,160,176,92,1685.903861915227,0.29152923982941603,0.0,53.84615384615385,0.0,0.0,37.07692307692308,4
Singapore,10,5,272,272,36,987.5085858190632,2.572238278023935,0.0,28.57142857142857,0.0,0.0,74.71428571428571,8
Singapore,10,6,117,146,66,1195.9637765760344,0.19690294917182838,0.0,41.66666666666667,0.0,25.0,23.833333333333332,3
Singapore,10,7,76,86,84,711.1089834803934,0.3174528297308845,152.70275816822686,58.333333333333336,0.0,16.666666666666664,9.75,2
Singapore,10,8,125,154,49,1459.7976726489433,2.3303937650909203,0.0,33.33333333333333,42.05948168962641,25.0,36.333333333333336,3
Singapore,10,9,105,105,157,2818.9852753887462,1.0746602706063009,0.0,41.66666666666667,0.0,16.666666666666664,36.958333333333336,3
Singapore,10,10,134,173,0,561.157664951952,0.186319736052815,0.0,0.0,0.0,0.0,92.83333333333333,3
Singapore,10,11,71,77,127,930.2842873934278,0.35941499981081226,181.08783840556862,53.84615384615385,0.0,23.076923076923077,7.846153846153846,2
Singapore,10,12,195,252,0,1280.049195808242,0.7064228027897388,0.0,0.0,0.0,0.0,100.0,4
Singapore,10,13,90,109,80,1026.9155350091896,0.2815122305458648,0.0,41.66666666666667,0.0,16.666666666666664,20.583333333333332,3
Singapore,10,14,242,257,0,732.6663264188537,0.11090815234566395,0.0,0.0,0.0,0.0,100.0,6
Singapore,10,15,111,171,75,1693.0995006144221,0.31739810720849404,0.0,23.52941176470588,0.0,11.76470588235294,45.88235294117647,3
Singapore,10,16,210,242,37,2054.2285847356106,0.5470529895817414,0.0,7.142857142857142,0.0,14.285714285714285,68.35714285714286,5
Singapore,11,1,83,186,224,3350.9153522073757,0.35055355085421946,130.96618064443737,31.03448275862069,0.0,3.4482758620689653,46.58620689655172,2
Singapore,11,2,152,192,70,3091.419168629339,0.6588603373151471,0.0,21.052631578947366,0.0,5.263157894736842,62.68421052631579,4
Singapore,11,3,119,134,106,1017.5753768003342,0.22655020884544363,0.0,36.36363636363637,0.0,18.181818181818183,25.818181818181817,3
Singapore,11,4,74,82,87,797.2547679375311,0.3942324189250992,176.46416651675827,54.54545454545454,0.0,9.090909090909092,11.0,2
Singapore,11,5,124,155,53,1414.5107713688376,0.2511353361637565,0.0,28.57142857142857,0.0,7.142857142857142,48.57142857142857,3
Singapore,11,6,107,107,160,2293.083771068352,0.28063239551950936,109.11003620199335,55.00000000000001,0.0,5.0,24.45,3
Singapore,11,7,150,199,0,807.2851063579692,0.22352039637984428,0.0,0.0,0.0,0.0,98.57142857142857,3
Singapore,11,8,69,77,148,1115.2572000526961,0.4088642104266764,0.0,66.66666666666666,0.0,6.666666666666667,13.933333333333334,2
Singapore,11,9,87,96,65,670.7503957037843,0.38345011756856523,54.08326913195924,50.0,0.0,10.0,14.5,3
Singapore,11,10,234,256,0,1040.7840702042304,0.14853586918113051,0.0,0.0,0.0,0.0,100.0,6
Singapore,11,11,106,174,41,1529.5357226293781,0.3200954295363439,145.16145969794889,26.31578947368421,0.0,0.0,44.73684210526316,3
Singapore,11,12,201,233,49,1777.6318535591854,0.19389843395265047,0.0,16.666666666666664,0.0,16.666666666666664,63.25,5
Singapore,14,1,86,181,201,2999.8468522582602,0.32390353165488794,0.0,33.33333333333333,0.0,6.666666666666667,38.3,2
Singapore,14,2,156,165,97,1512.6819475087332,0.2901486503894515,0.0,38.46153846153847,0.0,7.6923076923076925,39.15384615384615,4
Singapore,14,4,120,152,69,1057.0524718016604,0.24149346241000624,172.81052092606114,36.36363636363637,0.0,9.090909090909092,27.363636363636363,3
Singapore,14,5,76,89,63,688.3497713153993,0.3685566796868809,0.0,50.0,0.0,16.666666666666664,9.333333333333334,2
Singapore,14,6,125,159,41,1546.2006507105143,2.3172531470953057,0.0,25.0,0.0,0.0,57.375,3
Singapore,14,7,112,115,84,2033.2977665962935,0.32235069596014854,94.33981132056579,36.84210526315789,0.0,0.0,33.68421052631579,3
Singapore,14,8,151,183,0,590.5901393955792,0.21022056049419352,0.0,0.0,0.0,0.0,84.5,3
Singapore,14,9,67,87,101,977.5042356261947,0.40388744789623227,168.23859355639797,53.84615384615385,0.0,15.384615384615385,12.153846153846153,2
Singapore,14,10,89,98,124,831.41730550996,0.29854923086672985,141.14685671295592,54.54545454545454,0.0,9.090909090909092,11.818181818181818,2
Singapore,14,11,239,254,0,701.8486329295192,0.492485765871925,0.0,0.0,0.0,0.0,99.0,6
Singapore,14,12,110,177,81,1692.5376791038289,0.23588524299773045,0.0,29.411764705882355,0.0,11.76470588235294,34.76470588235294,3
Singapore,14,13,209,244,37,1526.706359542055,0.21763729537779034,0.0,23.076923076923077,0.0,0.0,74.07692307692308,5
Singapore,16,1,89,193,120,3022.73780175485,1.3429094488065438,187.04764736120615,30.0,0.0,10.0,43.6,3
Singapore,16,2,152,180,103,1479.1986251939024,0.2520548267938306,116.27553482998883,46.15384615384615,0.0,0.0,46.30769230769231,4
Singapore,16,4,121,132,119,1163.855329226979,0.25881032105757495,0.0,60.0,0.0,0.0,24.3,4
Singapore,16,5,76,89,119,867.0179446441944,2.460575643142675,166.6661673955423,58.333333333333336,0.0,0.0,14.166666666666666,3
Singapore,16,6,130,148,47,1259.1632812892785,2.317751900171157,196.13218898339255,30.76923076923077,0.0,7.6923076923076925,43.07692307692308,4
Singapore,16,7,113,113,88,1925.3201171365072,1.9814484180316188,190.77997798511205,45.0,0.0,0.0,33.4,3
Singapore,16,8,142,217,0,1305.4207652207515,0.24904090725615746,0.0,0.0,0.0,0.0,95.0,3
Singapore,16,9,69,91,110,948.2750077759738,1.3370531459259951,160.18360544939424,46.666666666666664,0.0,13.333333333333334,18.533333333333335,2
Singapore,16,10,93,103,82,842.9821494790813,0.2584150972065963,187.1254735801267,58.333333333333336,0.0,0.0,17.666666666666668,3
Singapore,16,11,232,256,0,919.8731147857761,0.0999553033766552,0.0,0.0,0.0,0.0,100.0,6
Singapore,16,12,111,173,79,1709.3944337271387,0.3007529646546121,0.0,22.22222222222222,0.0,5.555555555555555,47.22222222222222,4
Singapore,16,13,207,243,34,2516.8815288732294,0.2810393031833557,0.0,9.090909090909092,0.0,0.0,86.0,5
Singapore,18,1,130,160,85,1405.0458877051597,0.2296778949293976,0.0,38.46153846153847,0.0,7.6923076923076925,24.23076923076923,4
Singapore,18,2,84,182,54,1454.0865166983458,1.449024193486899,199.15949717226795,30.0,0.0,5.0,43.95,3
Singapore,18,3,148,174,101,1888.9766065248114,0.33509161681650923,0.0,25.0,0.0,8.333333333333332,49.083333333333336,4
Singapore,18,5,114,150,30,858.026689518043,0.22053521453027125,0.0,40.0,0.0,10.0,30.0,3
Singapore,18,6,74,101,120,1115.5526300385936,2.3093537772763755,0.0,21.428571428571427,0.0,28.57142857142857,20.642857142857142,3
Singapore,18,7,123,142,50,1372.546020940219,0.19003384061859796,0.0,42.857142857142854,0.0,7.142857142857142,34.92857142857143,3
Singapore,18,8,106,108,74,2003.601192746064,1.2490457723982544,0.0,38.095238095238095,0.0,14.285714285714285,34.142857142857146,3
Singapore,18,9,122,171,0,635.8919272762869,0.7509290623979403,0.0,0.0,0.0,0.0,77.33333333333333,3
Singapore,18,10,65,83,84,762.7659368896348,0.4231535832107274,156.0962147109749,50.0,0.0,8.333333333333332,12.833333333333334,2
Singapore,18,11,83,110,183,2625.0513506609277,1.3269886233202,155.47685580389225,39.130434782608695,0.0,4.3478260869565215,48.73913043478261,3
Singapore,18,12,237,253,0,718.826650737632,0.10523084393519427,0.0,0.0,0.0,0.0,99.0,6
Singapore,18,13,108,182,33,1339.6235557290784,0.38773801260524193,0.0,31.57894736842105,0.0,5.263157894736842,45.26315789473684,3
Singapore,18,14,200,238,40,2229.3041677971705,0.19746973460989686,0.0,13.333333333333334,0.0,13.333333333333334,68.6,5
Singapore,20,1,85,127,166,2425.6499434743805,0.25708486744568937,0.0,33.33333333333333,0.0,14.814814814814813,28.703703703703702,2
Singapore,20,3,151,192,103,1721.4025393490974,0.2945105517525244,0.0,41.66666666666667,0.0,16.666666666666664,41.0,4
Singapore,20,5,116,145,141,1404.683035811333,0.21705022069422397,0.0,45.45454545454545,0.0,9.090909090909092,25.0,3
Singapore,20,6,75,88,64,720.9309539257592,0.4839938128031349,127.17389809697124,55.55555555555556,0.0,0.0,14.444444444444445,2
Singapore,20,7,130,150,57,1310.6982233770796,0.17415063078625193,152.63858118776625,50.0,0.0,14.285714285714285,32.42857142857143,4
Singapore,20,8,109,118,100,2070.5908912332416,1.9702170430483696,161.18622769951617,42.857142857142854,0.0,4.761904761904762,34.42857142857143,3
Singapore,20,9,150,183,0,545.9381102699372,1.2890244595215445,0.0,0.0,0.0,0.0,86.83333333333333,3
Singapore,20,10,62,125,152,1243.2980643090668,0.684698792883688,0.0,33.33333333333333,0.0,0.0,30.0,2
Singapore,20,11,89,98,59,685.5745642626134,0.3302904240164777,0.0,40.0,0.0,20.0,14.8,3
Singapore,20,12,235,254,0,937.5596897770374,0.11246606522686815,0.0,0.0,0.0,0.0,99.5,6
Singapore,20,13,111,160,52,1574.354138210132,0.28518703381158894,132.29943252694648,31.25,0.0,6.25,37.5625,3
Singapore,20,14,210,243,31,2213.7361462800764,0.24952386432684087,0.0,7.6923076923076925,0.0,7.6923076923076925,80.84615384615384,5
Singapore,22,1,122,159,179,1354.490779410678,0.21896142771064442,0.0,38.46153846153847,0.0,7.6923076923076925,36.07692307692308,2
Singapore,22,2,89,186,35,1391.90904249699,2.632708436809819,0.0,25.0,0.0,12.5,52.8125,3
Singapore,22,3,155,178,88,2021.2094051957492,0.2981099378250217,0.0,38.46153846153847,0.0,7.6923076923076925,47.07692307692308,4
Singapore,22,5,114,122,77,863.5963653415965,0.23665289491979258,0.0,54.54545454545454,0.0,18.181818181818183,15.818181818181818,3
Singapore,22,6,75,83,64,665.7267239930079,0.35213431662879047,183.73893589817817,50.0,0.0,20.0,11.2,3
Singapore,22,7,128,168,35,1691.6366724109248,0.2987146412077162,0.0,41.66666666666667,0.0,8.333333333333332,39.166666666666664,3
Singapore,22,8,111,183,156,3151.874859617419,0.8096671938021435,144.22205101855798,26.923076923076923,0.0,7.6923076923076925,45.57692307692308,3
Singapore,22,9,65,82,132,832.192130617801,0.2707236245689564,198.23869690192078,46.666666666666664,0.0,26.666666666666668,12.466666666666667,2
Singapore,22,10,86,97,102,818.9485993515118,0.3481022754028576,199.8973006775559,50.0,0.0,20.0,14.8,3
Singapore,22,11,232,254,0,936.0257681588264,0.10353633855851578,0.0,0.0,0.0,0.0,100.0,5
Singapore,22,12,105,174,92,1797.6218632182863,0.34936596268692455,0.0,29.411764705882355,0.0,5.88235294117647,44.529411764705884,3
Singapore,22,13,207,240,39,2176.6306348493163,0.27539734551375483,0.0,8.333333333333332,0.0,8.333333333333332,76.16666666666667,5
Singapore,23,1,138,155,167,1638.7920562311997,0.28251529676633014,158.14550262337525,53.84615384615385,0.0,7.6923076923076925,16.692307692307693,4
Singapore,23,2,87,184,42,1595.7234270575946,0.35115783375509624,0.0,23.52941176470588,0.0,11.76470588235294,45.470588235294116,3
Singapore,23,3,153,172,96,1907.518682988497,1.402199387185467,0.0,23.076923076923077,0.0,0.0,46.92307692307692,4
Singapore,23,5,113,123,50,819.2110844704548,0.23862311022873084,0.0,45.45454545454545,0.0,9.090909090909092,17.636363636363637,3
Singapore,23,6,75,83,63,576.5278990342449,2.1393208745259367,142.64933240472965,54.54545454545454,109.55363982999552,18.181818181818183,7.181818181818182,2
Singapore,23,7,121,148,57,1499.1304777490623,0.23187669991376647,0.0,46.15384615384615,0.0,7.6923076923076925,36.38461538461539,4
Singapore,23,8,109,109,91,1897.6611455159327,0.23911555816202712,0.0,50.0,0.0,10.0,18.6,3
Singapore,23,9,150,179,0,504.91989556335466,0.19418677267273854,0.0,0.0,0.0,0.0,83.5,3
Singapore,23,10,67,83,118,938.8370647034681,0.44269411427214966,189.83886593133502,57.14285714285714,0.0,14.285714285714285,8.285714285714286,2
Singapore,23,11,86,173,71,1313.2308481079963,0.738374031554702,182.20703253173997,35.294117647058826,0.0,5.88235294117647,40.8235294117647,3
Singapore,23,12,231,265,0,1446.84753525009,0.1866563549360381,0.0,0.0,0.0,0.0,100.0,6
Singapore,23,13,111,174,31,1472.677151062373,0.2940268680671603,175.03558029891428,29.411764705882355,0.0,0.0,36.64705882352941,3
Singapore,23,14,201,242,35,1785.6133525490368,1.5521649425496318,0.0,23.076923076923077,0.0,0.0,68.38461538461539,5
Singapore,24,1,87,182,107,2968.1076101079366,1.4993442749903219,0.0,36.666666666666664,0.0,3.3333333333333335,43.46666666666667,3
Singapore,24,2,156,177,79,1452.7079428163706,0.2547110129543224,0.0,41.66666666666667,0.0,16.666666666666664,31.583333333333332,5
Singapore,24,4,113,122,109,910.451608866053,0.224687096490503,0.0,50.0,0.0,16.666666666666664,15.416666666666666,4
Singapore,24,5,77,79,104,809.5607154624158,0.39571069030610606,197.3438451105867,60.0,0.0,20.0,4.9,4
Singapore,24,6,126,158,63,1300.3511086310464,0.2209025424885136,179.42356197056506,38.46153846153847,0.0,0.0,38.23076923076923,4
Singapore,24,7,109,113,68,1949.7032885237022,0.2881764775167965,0.0,42.10526315789473,0.0,0.0,36.26315789473684,3
Singapore,24,8,137,209,0,1087.3032931818561,0.2131127370598167,0.0,0.0,0.0,0.0,86.71428571428571,3
Singapore,24,9,66,77,110,917.597249460061,0.3961271384904501,0.0,50.0,0.0,8.333333333333332,10.916666666666666,2
Singapore,24,10,237,272,0,1227.5310872070186,1.3420662335560674,0.0,0.0,0.0,0.0,100.0,6
Singapore,24,11,85,94,87,845.7074289365701,0.44192738662064956,0.0,33.33333333333333,0.0,22.22222222222222,16.555555555555557,3
Singapore,24,12,241,255,0,686.6797293492273,0.1031683430339761,0.0,0.0,0.0,0.0,100.0,6
Singapore,24,13,107,184,25,1628.7678457617221,0.28034349749140286,0.0,11.76470588235294,0.0,11.76470588235294,48.88235294117647,3
Singapore,24,14,203,241,46,1931.6876645735683,0.25445606725887504,0.0,23.076923076923077,0.0,7.6923076923076925,72.84615384615384,5
Singapore,27,1,88,197,207,3159.011068236181,1.8664658399007865,0.0,22.58064516129032,0.0,12.903225806451612,38.70967741935484,3
Singapore,27,2,151,180,102,1493.7349051750007,2.940465767773254,165.9518002312725,46.15384615384615,0.0,7.6923076923076925,46.0,4
Singapore,27,4,120,132,64,939.3500372883609,0.20061240957741466,196.18771418788674,41.66666666666667,65.14598989961087,16.666666666666664,20.083333333333332,4
Singapore,27,5,76,79,50,458.94654684505804,2.2058230621852104,182.25437352044537,50.0,0.0,10.0,9.2,3
Singapore,27,6,126,167,61,1399.214620447321,0.2527248970576814,0.0,30.76923076923077,0.0,7.6923076923076925,44.30769230769231,4
Singapore,27,7,110,111,157,2442.3044584908894,1.2827408797442708,0.0,33.33333333333333,0.0,4.761904761904762,29.952380952380953,3
Singapore,27,8,150,184,0,540.4569474899617,0.16037594314328418,0.0,0.0,0.0,0.0,84.66666666666667,3
Singapore,27,10,65,87,100,682.3387716291909,0.9487643115057243,177.07047008949303,53.84615384615385,0.0,7.6923076923076925,13.846153846153847,2
Singapore,27,11,91,102,75,701.101500383651,0.5211381434841182,0.0,50.0,0.0,10.0,15.0,3
Singapore,27,12,235,254,0,868.7497468935908,0.1279595555462022,0.0,0.0,0.0,0.0,100.0,6
Singapore,27,13,103,186,46,1718.5693995629554,0.29161564631192427,176.27508723716892,17.647058823529413,0.0,11.76470588235294,43.94117647058823,3
Singapore,27,14,207,237,43,1863.070784995114,1.4564152614761872,0.0,15.384615384615385,0.0,0.0,68.38461538461539,5
Singapore,31,1,93,195,126,3040.0178818428303,0.2729288578301976,0.0,29.03225806451613,0.0,16.129032258064516,40.774193548387096,3
Singapore,31,2,151,179,105,1620.7423076932046,0.33675978943220264,150.01333274079298,45.45454545454545,0.0,0.0,47.36363636363637,4
Singapore,31,4,116,155,95,1168.415651809566,2.7691201300955144,170.89585813336453,50.0,0.0,8.333333333333332,28.916666666666668,3
Singapore,31,5,75,92,74,808.7180436442977,0.33827923056186227,160.58694097533225,58.333333333333336,35.22782990761698,16.666666666666664,11.25,2
Singapore,31,6,128,154,59,1281.302408697975,2.4106859464330763,0.0,27.27272727272727,0.0,9.090909090909092,46.54545454545455,4
Singapore,31,7,194,233,0,991.5430875942948,2.0538077124286813,0.0,0.0,0.0,0.0,100.0,4
Singapore,31,8,104,104,96,2026.6391362844588,1.1993440282234182,184.58873205046984,35.0,0.0,15.0,25.95,3
Singapore,31,9,147,184,0,515.6892637214951,0.23636066590927174,0.0,0.0,0.0,0.0,96.2,3
Singapore,31,11,67,87,61,693.3587208998688,0.3672227407738945,189.320417541825,45.45454545454545,0.0,18.181818181818183,13.636363636363637,2
Singapore,31,12,89,103,61,704.442068563083,0.47674729632058316,137.21868462381826,45.45454545454545,0.0,18.181818181818183,19.454545454545453,3
Singapore,31,13,119,193,0,729.1083277454236,0.7459449623004089,0.0,0.0,0.0,0.0,94.71428571428571,3
Singapore,31,14,233,252,0,804.1610653202079,0.11687696754580235,0.0,0.0,0.0,0.0,100.0,5
Singapore,31,15,106,177,75,1585.4824418614735,0.29346156852095906,187.52906257481663,26.31578947368421,0.0,10.526315789473683,41.94736842105263,3
Singapore,31,16,211,242,34,1828.1291404999283,0.22036609949847,0.0,33.33333333333333,0.0,0.0,75.75,5
Singapore,40,1,89,217,155,3675.414081819027,1.1934003595584715,0.0,27.500000000000004,0.0,10.0,46.0,3
Singapore,40,2,152,191,102,1685.0835831236982,1.4911174669693734,0.0,33.33333333333333,0.0,16.666666666666664,44.333333333333336,4
Singapore,40,4,117,126,103,1007.2464676385753,0.2105693723276787,0.0,54.54545454545454,0.0,0.0,25.636363636363637,3
Singapore,40,5,77,85,97,1483.6018041483658,1.0075530936625952,195.87634798731597,38.88888888888889,0.0,5.555555555555555,35.05555555555556,3
Singapore,40,6,129,155,53,1405.1661818599569,0.20974511101847848,0.0,35.714285714285715,0.0,14.285714285714285,39.142857142857146,4
Singapore,40,7,107,107,92,1972.826491819269,0.7361395421363722,151.69949855201048,42.857142857142854,0.0,9.523809523809524,35.142857142857146,3
Singapore,40,8,127,185,0,714.1472842235453,0.24447932907182718,0.0,0.0,0.0,0.0,96.16666666666667,3
Singapore,40,9,66,81,103,780.9357448823139,0.2975983620189298,192.00971246208792,57.14285714285714,0.0,14.285714285714285,14.857142857142858,2
Singapore,40,10,86,100,107,857.623198145382,0.35985414180539094,173.9595612938574,45.45454545454545,0.0,18.181818181818183,16.727272727272727,3
Singapore,40,11,234,252,0,955.4179714779675,0.13777360790161264,0.0,0.0,0.0,0.0,100.0,5
Singapore,40,12,109,166,89,1542.8081389187064,0.3576300202999037,0.0,25.0,0.0,0.0,43.625,3
Singapore,40,13,201,238,43,2158.0696574302565,0.21521175444395538,0.0,14.285714285714285,0.0,7.142857142857142,74.28571428571429,5
Singapore,44,1,89,179,116,2838.4441236873563,1.4670039863378541,0.0,37.93103448275862,0.0,6.896551724137931,38.758620689655174,3
Singapore,44,2,158,180,94,1606.1839857544192,0.3613430922097408,0.0,27.27272727272727,0.0,18.181818181818183,50.81818181818182,4
Singapore,44,3,247,276,0,1202.8401163901053,3.065580448170326,0.0,0.0,0.0,0.0,100.0,6
Singapore,44,5,116,125,82,999.0003972017257,0.25738697726539916,0.0,40.0,0.0,20.0,17.7,3
Singapore,44,6,74,84,69,729.8768361980656,0.2721024336560458,143.90409288577212,50.0,0.0,25.0,6.25,3
Singapore,44,7,123,169,65,1435.7667277074215,0.23808901610894195,124.54397736293322,40.0,0.0,6.666666666666667,45.86666666666667,3
Singapore,44,8,108,110,128,1991.8009033194503,0.518976219587754,124.30749361106791,38.88888888888889,0.0,5.555555555555555,33.666666666666664,3
Singapore,44,9,142,186,0,617.3705826545338,0.1734641063328934,0.0,0.0,0.0,0.0,93.85714285714286,3
Singapore,44,10,64,73,153,1137.7760451242139,0.438737098683306,180.54219533121068,73.33333333333333,0.0,6.666666666666667,12.466666666666667,2
Singapore,44,11,88,110,120,844.8445128722378,0.28911546380352077,146.96014873220702,45.45454545454545,0.0,18.181818181818183,17.545454545454547,2
Singapore,44,12,237,254,0,757.8163169373365,0.10998843093113142,0.0,0.0,0.0,0.0,100.0,6
Singapore,44,13,113,169,42,1455.015462822681,0.31831291801786715,146.69537449482596,23.52941176470588,0.0,5.88235294117647,41.705882352941174,3
Singapore,44,14,206,242,35,1804.0176499981972,0.23936796563798313,0.0,18.181818181818183,0.0,0.0,70.81818181818181,5
Singapore,55,1,137,162,87,1267.7182448583444,0.27180169585126057,0.0,53.84615384615385,0.0,7.6923076923076925,38.84615384615385,4
Singapore,55,2,87,183,71,1426.3739673492146,0.2760979975319451,136.0240439375657,35.294117647058826,0.0,5.88235294117647,45.0,3
Singapore,55,3,158,184,97,1409.1945729473246,1.5288628809214977,163.83528313522766,38.46153846153847,0.0,0.0,45.23076923076923,4
Singapore,55,5,118,130,195,2132.8909133582674,2.5818563290716203,0.0,44.44444444444444,0.0,5.555555555555555,41.5,4
Singapore,55,6,77,89,64,772.1904578535505,0.291385820539767,139.35893834256058,50.0,0.0,8.333333333333332,17.583333333333332,3
Singapore,55,7,133,156,47,1399.4222670976815,0.24822537074097673,0.0,33.33333333333333,0.0,8.333333333333332,43.25,4
Singapore,55,8,111,111,144,2398.807508864924,0.3172081944791616,107.70329614268849,47.368421052631575,0.0,10.526315789473683,29.68421052631579,3
Singapore,55,9,66,82,73,2529.9871987683473,0.34298081559600496,187.47417974778728,34.78260869565217,0.0,4.3478260869565215,46.52173913043478,2
Singapore,55,10,90,103,64,581.659967835003,0.9743728696644808,192.05990489164105,50.0,152.61061562028044,10.0,20.8,3
Singapore,55,11,233,255,0,910.4599601976224,0.23673482680134966,0.0,0.0,0.0,0.0,99.16666666666667,6
Singapore,55,12,111,170,68,1431.8188545364828,0.3217988775819561,184.95532523002476,29.411764705882355,0.0,5.88235294117647,44.411764705882355,4
Singapore,55,13,210,240,40,2012.9740289128677,0.24904167771527555,0.0,15.384615384615385,0.0,0.0,84.61538461538461,5
Singapore,63,1,87,183,175,3020.0933730814586,0.38744009052431116,0.0,32.142857142857146,0.0,10.714285714285714,41.17857142857143,3
Singapore,63,2,154,183,96,1986.3473208681216,2.8905899669467585,196.40010183296727,46.15384615384615,0.0,0.0,46.92307692307692,4
Singapore,63,4,117,144,77,1044.6284874485646,2.261456322176473,0.0,41.66666666666667,0.0,16.666666666666664,30.083333333333332,3
Singapore,63,5,76,82,43,555.2742529989955,2.2466866937996075,165.72474945667273,50.0,0.0,20.0,9.3,3
Singapore,63,6,131,167,54,1461.1767835218234,0.22974685729314537,0.0,40.0,0.0,0.0,41.13333333333333,4
Singapore,63,7,111,114,87,1997.7860486781028,0.3076736261906088,138.67172109930834,40.0,0.0,0.0,33.45,3
Singapore,63,8,138,191,0,794.5840585886726,0.2678828748927069,0.0,0.0,0.0,0.0,96.66666666666667,3
Singapore,63,10,69,105,67,864.6376931721425,0.5472455829800192,0.0,53.84615384615385,0.0,15.384615384615385,11.615384615384615,3
Singapore,63,11,86,104,67,687.0235844649142,0.2721164956932637,160.42114872030652,45.45454545454545,0.0,9.090909090909092,16.545454545454547,3
Singapore,63,12,232,254,0,901.8132864863146,0.28585738000813005,0.0,0.0,0.0,0.0,100.0,6
Singapore,63,13,109,175,57,1614.723394456647,0.2882550904973616,0.0,26.31578947368421,0.0,5.263157894736842,44.10526315789474,3
Singapore,63,14,212,241,28,1647.730611443818,0.20616321667133425,165.42067585401674,15.384615384615385,0.0,0.0,79.0,5
Singapore,77,1,133,158,69,1275.321665424197,1.8615833290085577,0.0,69.23076923076923,0.0,7.6923076923076925,31.384615384615383,4
Singapore,77,2,92,174,39,1372.739488805366,1.4952646167826424,0.0,25.0,0.0,12.5,42.125,3
Singapore,77,3,152,187,99,1838.19486802738,0.24912330767226798,0.0,23.076923076923077,0.0,15.384615384615385,52.30769230769231,4
Singapore,77,4,253,286,0,1537.769102260545,3.0636260197582508,0.0,0.0,0.0,0.0,100.0,6
Singapore,77,6,118,140,39,908.0789012111964,0.2237548239962983,149.51310104969525,36.36363636363637,0.0,27.27272727272727,23.454545454545453,4
Singapore,77,7,78,88,92,828.2128950763763,0.2964749983503747,177.40540470358246,50.0,0.0,16.666666666666664,10.0,3
Singapore,77,8,128,146,44,1472.5122576912,0.23142515114759865,0.0,30.76923076923077,0.0,15.384615384615385,40.61538461538461,4
Singapore,77,9,104,104,107,2035.3056068580518,0.25111517867150257,186.14084977895982,38.095238095238095,0.0,14.285714285714285,28.0,3
Singapore,77,10,146,179,0,539.3679832831913,0.24503103676598897,0.0,0.0,0.0,0.0,90.4,3
Singapore,77,11,67,79,108,765.4687283809944,0.4036400960365363,147.64675654680832,50.0,193.33132182861664,21.428571428571427,9.142857142857142,2
Singapore,77,12,89,117,42,733.7065962470515,0.31948019280301526,0.0,30.0,0.0,30.0,23.3,3
Singapore,77,13,240,255,0,696.6030485392112,0.10353701950879551,0.0,0.0,0.0,0.0,100.0,6
Singapore,77,14,105,164,94,1646.8652004265678,0.4282843270839461,0.0,18.75,0.0,6.25,48.375,4
Singapore,77,15,199,239,34,1740.4916943725548,0.21326451700617083,0.0,16.666666666666664,0.0,8.333333333333332,65.58333333333333,5
Singapore,81,1,136,157,93,1392.2161748508088,0.23563541295459522,0.0,46.15384615384615,0.0,7.6923076923076925,24.615384615384617,3
Singapore,81,2,85,191,42,1533.7058570187255,0.3216332071179009,186.86802660546255,23.52941176470588,0.0,5.88235294117647,48.0,2
Singapore,81,3,151,156,99,1787.6399860480542,0.4114407854704597,172.52536045463057,27.27272727272727,0.0,0.0,52.63636363636363,4
Singapore,81,5,111,154,49,1047.9998391468216,0.2741637163586508,0.0,45.45454545454545,0.0,9.090909090909092,33.81818181818182,3
Singapore,81,6,70,145,67,2715.494290789982,2.1737790831098343,187.34673439441758,38.70967741935484,0.0,3.225806451612903,37.935483870967744,2
Singapore,81,7,108,186,105,3062.985383839052,0.28333685730791386,0.0,26.923076923076923,0.0,11.538461538461538,46.92307692307692,3
Singapore,81,8,65,87,94,753.6629958696867,0.9642773211793201,129.00883253120628,54.54545454545454,0.0,9.090909090909092,15.727272727272727,2
Singapore,81,9,89,95,190,1956.3839810680074,0.6261730452243708,0.0,50.0,0.0,11.11111111111111,21.666666666666668,3
Singapore,81,10,232,254,0,1002.764567499682,0.1132162355079753,0.0,0.0,0.0,0.0,99.0,6
Singapore,81,11,108,174,46,1568.0269448131003,0.30253927663644287,0.0,23.52941176470588,0.0,5.88235294117647,43.411764705882355,3
Singapore,81,12,209,245,38,2096.5104690413937,0.21184067819822525,0.0,7.142857142857142,0.0,7.142857142857142,77.0,5
Spa,1,1,68,70,90,741.4831354059625,0.3446382814394712,0.0,53.84615384615385,0.0,15.384615384615385,2.5384615384615383,2
Spa,1,2,299,302,8,3070.561059078207,0.19967112171100093,0.0,0.0,0.0,0.0,100.0,8
Spa,1,3,144,224,88,3654.425564317422,0.20089518267084228,0.0,20.689655172413794,0.0,0.0,49.55172413793103,4
Spa,1,4,116,173,73,1671.821320451334,2.758919432631429,0.0,40.0,0.0,5.0,29.9,3
Spa,1,5,191,200,27,1143.5425803138314,1.7707044441716215,147.70917371646283,55.55555555555556,0.0,0.0,49.0,5
Spa,1,6,276,293,24,4097.681329493993,0.19523571865931832,0.0,4.761904761904762,0.0,0.0,89.9047619047619,7
Spa,1,7,171,226,87,3221.0301099084245,0.21377919047131022,0.0,25.0,0.0,0.0,52.083333333333336,5
Spa,1,8,157,178,85,1340.5227332313225,0.3068432009198183,0.0,40.0,0.0,0.0,34.8,4
Spa,1,9,221,271,0,2246.498820022818,0.2188785742778746,0.0,0.0,0.0,0.0,100.0,5
Spa,1,10,312,313,0,1105.0009067324281,0.09162850354174495,0.0,0.0,0.0,0.0,100.0,8
Spa,1,11,311,311,4,1181.4467483694534,0.12136098254843708,0.0,0.0,0.0,0.0,100.0,8
Spa,1,12,313,313,0,1798.1982209132548,0.9776547315856347,0.0,0.0,0.0,0.0,100.0,8
Spa,1,13,69,163,56,1853.728665409013,2.16572141258915,197.79954274225747,18.51851851851852,0.0,18.51851851851852,33.333333333333336,2
Spa,2,1,59,70,51,703.3746381914148,0.27280215863315793,176.13670145429387,46.666666666666664,43.32435804486886,20.0,5.4,2
Spa,2,2,278,291,33,3569.6268730417214,0.17632277715448302,0.0,0.0,0.0,0.0,77.11764705882354,7
Spa,2,3,118,119,38,797.8132036537572,0.17754139087381937,0.0,50.0,0.0,25.0,3.5,3
Spa,2,4,117,118,7,684.093010515724,0.18342841466741655,0.0,0.0,0.0,44.44444444444444,11.88888888888889,3
Spa,2,5,140,162,2,1099.623938917899,0.1397649401337211,0.0,0.0,0.0,0.0,33.916666666666664,3
Spa,2,6,93,129,92,1954.0953422476887,0.23507843713327103,0.0,36.36363636363637,0.0,22.727272727272727,12.363636363636363,3
Spa,2,7,144,151,39,1158.837491875507,0.23153616908412877,0.0,40.0,0.0,20.0,13.0,4
Spa,2,8,216,277,52,4020.685927899991,0.18205214197883257,0.0,13.636363636363635,0.0,0.0,70.0909090909091,6
Spa,2,9,285,297,0,1664.418885587169,1.8811072725595033,0.0,28.57142857142857,0.0,0.0,85.71428571428571,8
Spa,2,10,135,155,72,3073.545542292981,0.21247289020308346,0.0,24.0,0.0,16.0,20.32,4
Spa,2,11,119,131,92,1953.3846785459027,1.0554487285651801,0.0,50.0,0.0,0.0,25.055555555555557,3
Spa,2,12,210,253,1,2260.4430403130827,0.1586687045081595,0.0,0.0,0.0,0.0,76.85714285714286,5
Spa,2,13,313,317,0,1311.337657303564,0.10904243436525546,0.0,0.0,0.0,0.0,100.0,8
Spa,2,14,317,318,3,1363.1385047269432,0.12857669311913922,0.0,0.0,0.0,0.0,100.0,8
Spa,2,15,53,74,60,1243.6028919531527,0.3003454350207707,0.0,28.000000000000004,0.0,28.000000000000004,7.32,2
Spa,3,1,61,75,54,748.6711924151227,0.2630062116582352,0.0,50.0,0.0,25.0,7.4375,3
Spa,3,2,289,293,15,3127.003930440631,0.6269209955991907,0.0,0.0,0.0,0.0,94.3125,7
Spa,3,3,300,305,0,1116.3018537911285,0.9811442402072162,0.0,0.0,0.0,0.0,100.0,7
Spa,3,4,115,115,105,1235.3586217307638,0.8830671381899337,167.02286350218856,76.92307692307693,0.0,7.6923076923076925,5.6923076923076925,4
Spa,3,5,120,132,0,768.7604786362499,1.403457072380364,0.0,0.0,0.0,0.0,39.0,4
Spa,3,6,148,169,14,1044.1388905231397,0.18306173946863147,0.0,0.0,0.0,33.33333333333333,42.44444444444444,4
Spa,3,7,92,144,71,1855.560528567261,0.2642558557639776,0.0,40.909090909090914,0.0,18.181818181818183,24.045454545454547,3
Spa,3,8,141,151,45,1145.372616580502,0.17648628931289434,0.0,33.33333333333333,0.0,33.33333333333333,18.916666666666668,4
Spa,3,9,216,274,18,3801.351966283488,0.19106082823083415,0.0,9.090909090909092,0.0,0.0,77.18181818181819,6
Spa,3,10,135,143,61,1430.8775471823392,0.17711714900503295,0.0,28.57142857142857,0.0,42.857142857142854,15.071428571428571,4
Spa,3,11,148,166,4,1434.6593689010479,0.16155449970862912,0.0,0.0,0.0,0.0,51.916666666666664,4
Spa,3,12,122,123,43,972.7434831457067,0.1913377096653448,0.0,50.0,61.18823416311352,25.0,7.916666666666667,4
Spa,3,13,188,261,0,2547.418500458065,2.3419908999683328,0.0,0.0,0.0,0.0,93.8,4
Spa,3,14,309,310,0,810.8261639908451,0.8109028358759434,0.0,0.0,0.0,0.0,100.0,8
Spa,3,15,310,310,5,1838.1383428710615,0.13421111250223328,0.0,0.0,0.0,0.0,100.0,8
Spa,3,16,57,58,57,558.8322273835511,0.20376581465219473,172.2056094880827,58.333333333333336,0.0,16.666666666666664,3.9166666666666665,2
Spa,3,17,59,75,9,536.809400135433,0.30707227786144137,0.0,0.0,0.0,15.384615384615385,19.076923076923077,2
Spa,4,1,71,79,59,781.7005124511152,0.31178036607951265,0.0,46.15384615384615,0.0,23.076923076923077,6.923076923076923,2
Spa,4,2,296,298,9,2770.297154135287,0.18538459003580948,0.0,0.0,0.0,0.0,99.07142857142857,8
Spa,4,3,137,137,72,965.8828773742862,0.20105000993464373,0.0,66.66666666666666,0.0,11.11111111111111,5.777777777777778,4
Spa,4,4,140,163,0,755.3707058959844,0.1676164417479823,0.0,0.0,0.0,0.0,54.666666666666664,4
Spa,4,5,178,220,0,1442.6613245448425,0.2081230402979991,0.0,0.0,0.0,0.0,81.0,4
Spa,4,6,118,158,66,1650.4327532638963,0.24979741482041184,0.0,40.0,0.0,10.0,29.4,3
Spa,4,7,180,192,25,1172.5024356033282,0.2185381813402656,0.0,10.0,0.0,10.0,43.5,4
Spa,4,8,283,292,15,3886.3290685473767,0.19627216772485734,0.0,0.0,0.0,0.0,92.85,7
Spa,4,9,179,216,93,3058.1650738446187,0.2709857220024885,0.0,26.08695652173913,0.0,0.0,47.30434782608695,5
Spa,4,10,157,166,82,1137.911013932462,2.282356370891111,0.0,20.0,0.0,40.0,30.4,4
Spa,4,11,220,265,0,2257.446146014823,0.16484088965333066,0.0,0.0,0.0,0.0,99.6923076923077,5
Spa,4,12,307,307,0,987.4469930866471,0.08463848846397776,0.0,0.0,0.0,0.0,99.0,8
Spa,4,13,304,304,5,1479.6311226164617,0.1513219712489513,0.0,0.0,0.0,0.0,99.0,8
Spa,4,14,71,81,79,1341.3144756873226,0.348058863303329,0.0,33.33333333333333,0.0,23.809523809523807,12.095238095238095,2
Spa,10,1,68,73,59,788.9429552224287,0.3070554825981364,0.0,46.15384615384615,61.27366125578283,38.46153846153847,3.1538461538461537,3
Spa,10,2,301,306,13,3067.880207368564,0.19487966665815126,0.0,0.0,0.0,0.0,96.92857142857143,8
Spa,10,3,129,129,45,623.7119109250743,2.1363994186683124,136.21306838919554,62.5,0.0,37.5,0.375,4
Spa,10,4,125,195,0,2337.268284494374,2.350730063707857,0.0,0.0,0.0,5.555555555555555,60.55555555555556,4
Spa,10,5,106,146,67,2041.3353329834717,0.2135157955671536,0.0,23.809523809523807,0.0,19.047619047619047,21.238095238095237,3
Spa,10,6,151,159,34,1184.235149766766,0.2056187645869637,0.0,40.0,0.0,10.0,21.3,4
Spa,10,7,243,286,45,3739.291142794711,0.1672535862180624,0.0,19.047619047619047,0.0,4.761904761904762,70.52380952380952,6
Spa,10,8,155,205,66,3220.5325491269905,0.222220221460105,0.0,18.51851851851852,0.0,3.7037037037037033,43.0,4
Spa,10,9,150,160,55,1255.2989518370377,0.17652918399421047,0.0,33.33333333333333,0.0,16.666666666666664,27.5,4
Spa,10,10,206,285,0,3351.4032604916356,0.9881351451687593,0.0,0.0,0.0,0.0,97.94444444444444,5
Spa,10,11,318,320,0,938.545159250265,0.08954608338325587,0.0,0.0,0.0,0.0,100.0,8
Spa,10,12,320,320,3,1846.0565124298082,0.1627890306188693,0.0,0.0,0.0,0.0,100.0,8
Spa,10,13,61,87,61,1277.9993731224677,0.2941511818652178,0.0,16.666666666666664,0.0,45.83333333333333,13.125,2
Spa,11,1,70,74,71,717.1644727407233,1.9513027039072615,0.0,57.14285714285714,0.0,7.142857142857142,8.714285714285714,2
Spa,11,2,301,301,9,3042.646528035373,0.22822880409403112,0.0,0.0,0.0,0.0,100.0,8
Spa,11,3,146,146,61,897.175098986274,0.20073204837760805,0.0,50.0,0.0,0.0,9.0,4
Spa,11,4,145,154,0,724.7333591255338,0.19617290930109266,0.0,0.0,0.0,0.0,47.75,4
Spa,11,5,166,221,0,1545.7915812572428,0.184065759171255,0.0,0.0,0.0,0.0,79.0909090909091,4
Spa,11,6,117,153,73,1871.925806121686,0.2781962218434675,0.0,36.84210526315789,0.0,0.0,27.36842105263158,3
Spa,11,7,184,199,30,1143.450922981221,0.6747409422235526,0.0,30.0,0.0,0.0,50.0,5
Spa,11,8,275,291,28,3867.7047736067107,0.19536429495986773,0.0,5.0,0.0,0.0,86.6,8
Spa,11,9,167,215,101,3095.1388601893705,0.22995037638748483,0.0,27.27272727272727,0.0,0.0,51.04545454545455,4
Spa,11,10,151,185,47,1318.8001567024621,0.280028812569159,0.0,30.0,0.0,0.0,39.6,4
Spa,11,11,216,267,0,2258.79725691388,2.3661741987909974,0.0,0.0,0.0,0.0,100.0,5
Spa,11,12,292,303,0,1712.4345298278495,0.3605358880028553,0.0,0.0,0.0,0.0,100.0,7
Spa,11,13,313,313,0,1069.27574088455,0.0902039683546525,0.0,0.0,0.0,0.0,100.0,8
Spa,11,14,311,311,4,1347.550857361035,0.13375662126551235,0.0,0.0,0.0,0.0,100.0,8
Spa,11,15,314,317,0,1329.962649025816,1.9217859990848056,0.0,0.0,0.0,0.0,100.0,8
Spa,11,16,69,101,46,1237.5872439845407,0.4125058895407737,154.4420359205542,23.809523809523807,0.0,19.047619047619047,18.714285714285715,2
Spa,14,1,69,79,81,757.5117908423908,0.2665533527293346,0.0,35.714285714285715,0.0,28.57142857142857,8.214285714285714,2
Spa,14,2,300,302,7,3253.1306579547127,0.25516207404622554,0.0,0.0,0.0,0.0,99.78571428571429,8
Spa,14,3,136,155,59,1690.0637845992314,0.21387458736693443,0.0,37.5,0.0,0.0,24.5,4
Spa,14,4,194,222,4,1448.377107391363,0.19352790103429007,0.0,0.0,0.0,0.0,68.3,4
Spa,14,5,114,171,109,1861.5724786702267,0.23536319500791536,0.0,42.10526315789473,0.0,5.263157894736842,28.263157894736842,3
Spa,14,6,173,196,36,1103.458425655237,0.204680842152817,0.0,54.54545454545454,0.0,0.0,31.90909090909091,5
Spa,14,7,272,296,33,4076.7399780895867,0.19662825092284542,0.0,0.0,0.0,14.285714285714285,79.0,7
Spa,14,8,162,209,95,2918.450427929085,2.2697959408338977,0.0,29.166666666666668,0.0,0.0,42.666666666666664,4
Spa,14,9,148,182,93,1482.3417592048208,0.20492963069068093,192.0744478700799,46.15384615384615,0.0,0.0,29.76923076923077,4
Spa,14,10,227,272,0,2167.6299904584157,2.301703033951614,0.0,0.0,0.0,0.0,99.25,6
Spa,14,12,309,309,6,1505.0160550497458,0.17944553596690072,0.0,0.0,0.0,0.0,99.5,8
Spa,14,13,67,90,45,1124.7537552609574,1.460139105621001,0.0,28.57142857142857,0.0,19.047619047619047,11.666666666666666,2
Spa,16,1,68,73,92,677.8329919050407,1.9004207342156394,0.0,58.333333333333336,0.0,16.666666666666664,7.416666666666667,2
Spa,16,2,301,302,8,2848.3294573925905,0.21537250087779897,0.0,0.0,0.0,0.0,99.06666666666666,8
Spa,16,3,141,156,87,1902.6341391937458,0.18164484202676512,0.0,27.77777777777778,0.0,0.0,35.333333333333336,4
Spa,16,4,195,216,0,1321.2491266901416,0.1789206057905871,0.0,0.0,0.0,0.0,77.1,5
Spa,16,5,120,169,127,2198.576047585382,0.2873111195354623,0.0,31.57894736842105,0.0,0.0,34.526315789473685,3
Spa,16,6,177,200,24,1251.6918594298477,0.6405856651585092,195.4891301325988,30.0,0.0,0.0,54.7,5
Spa,16,7,274,295,26,4351.231573521727,0.21836047324514607,0.0,14.285714285714285,0.0,0.0,88.47619047619048,7
Spa,16,8,173,220,92,3086.8874530662506,0.26731046792282265,0.0,25.0,0.0,0.0,54.416666666666664,5
Spa,16,9,159,186,74,1486.3695109992768,0.28097478013914046,0.0,33.33333333333333,0.0,0.0,43.416666666666664,4
Spa,16,10,227,266,0,1972.5128592511028,0.16243250029731848,0.0,0.0,0.0,0.0,100.0,6
Spa,16,13,311,311,4,1299.0704472508369,0.14246037492810681,0.0,0.0,0.0,0.0,99.0,8
Spa,16,14,67,81,61,1123.3482217416604,0.2803372783538731,157.9928970221954,34.78260869565217,0.0,13.043478260869565,18.391304347826086,2
Spa,18,1,67,76,91,880.365482139463,0.2940013017737838,0.0,57.14285714285714,0.0,14.285714285714285,5.857142857142857,2
Spa,18,2,298,301,8,3089.05965558143,0.2122052065550074,0.0,0.0,0.0,0.0,99.42857142857143,8
Spa,18,3,139,139,80,824.6710468399833,2.19362091438188,0.0,66.66666666666666,0.0,0.0,7.333333333333333,4
Spa,18,4,139,168,2,954.5339348626876,0.1578794127032691,175.20146845071577,20.0,0.0,0.0,49.3,4
Spa,18,5,184,211,2,1170.1822608792136,1.3177206746302943,130.38404810405336,20.0,0.0,0.0,70.9,4
Spa,18,6,111,165,87,1960.7189642487137,0.24748058261876227,0.0,36.36363636363637,0.0,13.636363636363635,27.318181818181817,3
Spa,18,7,181,190,26,1204.6164204474808,0.20445675717242107,0.0,30.0,0.0,0.0,36.5,5
Spa,18,8,267,290,32,4102.586050501603,0.2331755079720763,0.0,21.052631578947366,0.0,0.0,92.21052631578948,7
Spa,18,9,169,214,103,3152.3243637456035,0.19465855046537972,0.0,24.0,0.0,4.0,50.36,5
Spa,18,10,152,173,71,1352.6037947782243,2.2386828447608997,0.0,36.36363636363637,0.0,9.090909090909092,30.90909090909091,4
Spa,18,11,231,266,0,1978.682186743259,0.1410661184470181,0.0,0.0,0.0,0.0,99.08333333333333,6
Spa,18,12,310,310,0,1184.8698940646718,0.7461659676254947,0.0,0.0,0.0,0.0,99.5,8
Spa,18,13,308,308,4,1208.4763661584439,0.12186045206268836,0.0,0.0,0.0,0.0,99.42857142857143,8
Spa,18,14,68,83,63,1254.16874276218,0.3314106118327772,0.0,26.08695652173913,0.0,30.434782608695656,10.478260869565217,2
Spa,31,1,59,73,112,1012.4880400170578,0.2881972772216531,191.92381306411198,50.0,0.0,14.285714285714285,9.928571428571429,2
Spa,31,2,300,303,9,2745.9574027309354,0.6109597731293952,0.0,0.0,0.0,0.0,100.0,8
Spa,31,3,128,137,50,1819.733006867049,0.1771921292297597,0.0,27.77777777777778,0.0,5.555555555555555,19.444444444444443,4
Spa,31,4,160,193,6,1205.5491099700012,0.1456603395062308,0.0,18.181818181818183,0.0,0.0,61.36363636363637,4
Spa,31,5,93,136,90,1812.161693940252,0.24517017622182036,88.11923740024213,36.36363636363637,0.0,18.181818181818183,24.5,3
Spa,31,6,152,163,41,1290.5785004975005,0.2939356940712616,0.0,33.33333333333333,0.0,11.11111111111111,25.666666666666668,4
Spa,31,7,242,282,39,3754.6433707056494,0.26262270182014635,0.0,15.0,0.0,0.0,78.25,6
Spa,31,8,136,173,87,2796.5101332716877,2.257800805136142,0.0,36.0,0.0,4.0,31.28,4
Spa,31,9,132,167,28,1079.529052387239,0.20607743976934922,101.51354589412949,46.15384615384615,0.0,0.0,36.07692307692308,4
Spa,31,10,212,260,0,2624.593986307249,0.16882569768891664,0.0,0.0,0.0,0.0,90.35714285714286,5
Spa,31,12,311,311,2,1998.1328103222477,0.7466135804620847,0.0,0.0,0.0,0.0,100.0,8
Spa,31,13,57,71,36,1076.5739855594875,0.39725160830492623,0.0,19.047619047619047,0.0,28.57142857142857,12.238095238095237,2
Spa,44,1,72,78,97,873.2728540172161,0.37836604859361506,0.0,46.15384615384615,0.0,15.384615384615385,5.153846153846154,3
Spa,44,2,304,306,10,2871.234485836807,0.2040977465908203,0.0,0.0,0.0,0.0,100.0,8
Spa,44,3,137,168,56,1841.7244436524088,0.20546943646881444,157.00318468107434,41.17647058823529,0.0,0.0,34.23529411764706,4
Spa,44,4,190,216,3,1194.8195963752805,1.4275065154311095,0.0,0.0,0.0,0.0,79.8,5
Spa,44,5,121,162,102,1864.56271243636,0.2726033060576467,0.0,23.809523809523807,0.0,4.761904761904762,32.57142857142857,3
Spa,44,6,184,203,22,1564.2067083166476,0.2194213867943975,152.50573759698455,36.36363636363637,0.0,0.0,64.72727272727273,5
Spa,44,7,265,292,36,3989.723962516604,2.1293956421384586,0.0,13.636363636363635,0.0,0.0,86.81818181818181,7
Spa,44,8,167,215,96,2909.4031241257544,2.073415020438699,0.0,33.33333333333333,0.0,0.0,52.76190476190476,5
Spa,44,9,153,167,58,1179.4290816015055,0.23714914276914278,75.58438992279116,45.45454545454545,0.0,0.0,37.72727272727273,4
Spa,44,10,217,273,0,2575.9277798483454,0.23079691490126364,0.0,0.0,0.0,0.0,100.0,5
Spa,44,11,316,316,0,1804.5543605384519,0.5327375837184201,0.0,0.0,0.0,0.0,100.0,8
Spa,44,12,314,314,4,1161.352217751708,0.12027721548545511,0.0,0.0,0.0,0.0,100.0,8
Spa,44,13,67,91,93,1411.8899991556536,0.8153025750872137,148.69316798598447,38.095238095238095,0.0,9.523809523809524,13.619047619047619,2
Spa,55,1,66,81,117,1020.5854276270265,0.2485242957496513,190.78560596700027,57.14285714285714,0.0,0.0,12.928571428571429,2
Spa,55,2,301,304,8,2778.6912989637985,1.201462669121271,0.0,0.0,0.0,0.0,99.42857142857143,8
Spa,55,3,137,221,80,3613.637960340726,0.20971063848139915,0.0,29.629629629629626,0.0,0.0,54.629629629629626,4
Spa,55,4,106,168,103,1877.38538045295,0.2585839387300606,66.0,59.09090909090909,0.0,0.0,30.545454545454547,4
Spa,55,5,174,185,39,1337.3123645153646,0.25784357315188033,138.35100288758258,50.0,0.0,0.0,45.875,5
Spa,55,6,275,294,23,3871.3669996623503,0.22928256786802148,0.0,10.0,0.0,0.0,86.5,7
Spa,55,7,175,212,79,2952.8471202897927,2.291876547641021,0.0,33.33333333333333,0.0,0.0,51.166666666666664,5
Spa,55,8,157,174,65,1259.711295894478,0.20301082209769028,0.0,33.33333333333333,0.0,8.333333333333332,30.75,4
Spa,55,9,219,270,0,2353.8556655894718,2.4006616453966183,0.0,0.0,0.0,0.0,100.0,5
Spa,55,10,314,314,0,751.9882663223325,0.07271943444821194,0.0,0.0,0.0,0.0,99.2,8
Spa,55,11,311,311,5,1253.2927787192311,0.1070313461055239,0.0,0.0,0.0,0.0,99.0,8
Spa,55,12,68,91,59,1287.9943966961582,0.40873699077420617,148.38463532320748,33.33333333333333,0.0,0.0,23.095238095238095,2
Spa,63,1,67,72,88,770.8889192436623,0.3439490388481542,0.0,61.53846153846154,0.0,23.076923076923077,3.4615384615384617,4
Spa,63,2,299,300,9,2828.041903659665,0.14656420990828428,0.0,0.0,0.0,0.0,100.0,8
Spa,63,3,133,212,85,3332.333244483223,0.18516140127877312,0.0,20.0,0.0,3.3333333333333335,50.2,4
Spa,63,4,112,173,112,2050.465318068611,0.2809965122161797,0.0,38.095238095238095,0.0,19.047619047619047,29.666666666666668,3
Spa,63,5,178,192,32,990.6552143551307,1.749589381597818,0.0,30.0,0.0,0.0,47.0,4
Spa,63,6,266,292,28,4025.3960181280927,0.22552524572522925,0.0,0.0,0.0,0.0,85.26315789473684,7
Spa,63,7,162,216,99,3211.294477730429,0.20735455317704243,0.0,52.17391304347826,0.0,0.0,54.21739130434783,5
Spa,63,8,155,162,92,1182.990164092822,0.30632061276751754,0.0,10.0,0.0,0.0,29.3,4
Spa,63,9,225,273,0,2466.7194884762357,2.3088365614218014,0.0,0.0,0.0,0.0,100.0,6
Spa,63,10,312,312,0,1113.6434878529253,0.12248757552411793,0.0,0.0,0.0,0.0,100.0,8
Spa,63,11,310,310,3,2404.7634140315276,0.6511131237444341,0.0,0.0,0.0,0.0,100.0,8
Spa,63,12,66,86,74,1344.467865235405,0.3639538144570681,137.25475047560758,33.33333333333333,0.0,19.047619047619047,15.619047619047619,2
Spa,77,2,67,74,66,877.1228590415249,1.9806714605321512,147.84452817316742,64.28571428571429,0.0,7.142857142857142,3.7857142857142856,3
Spa,77,3,279,281,29,3024.5473204882474,0.2128488434818105,158.7765725792069,26.666666666666668,0.0,0.0,86.86666666666666,8
Spa,77,4,313,315,0,1538.456137326808,1.2461722170891785,0.0,0.0,0.0,0.0,100.0,8
Spa,77,5,125,143,33,1623.6249409005504,0.1796566716004825,0.0,42.10526315789473,0.0,10.526315789473683,25.789473684210527,4
Spa,77,6,170,201,12,1145.867131337298,1.4006512598365273,0.0,9.090909090909092,0.0,0.0,68.0909090909091,4
Spa,77,7,99,136,68,1846.3231434688387,0.26607938775643003,0.0,55.00000000000001,0.0,10.0,14.6,3
Spa,77,8,145,167,28,1074.4394726227802,0.7939443395963067,0.0,41.66666666666667,0.0,8.333333333333332,29.416666666666668,4
Spa,77,9,234,282,36,4002.759202910005,0.1720537718455979,0.0,22.727272727272727,0.0,0.0,74.27272727272727,7
Spa,77,10,152,195,102,3287.422453510684,0.2990957638596252,0.0,39.130434782608695,0.0,0.0,40.869565217391305,4
Spa,77,11,143,161,57,1149.2823028855564,2.78132160935129,132.23085872820957,50.0,0.0,0.0,31.5,4
Spa,77,12,215,263,0,2216.3458547186456,0.15112110029974224,0.0,0.0,0.0,0.0,92.0,5
Spa,77,13,312,312,0,1270.1273086794026,0.10783242136896776,0.0,0.0,0.0,0.0,100.0,8
Spa,77,14,308,308,9,1447.631230332794,0.11854401575218343,0.0,14.285714285714285,0.0,0.0,95.42857142857143,8
Spa,77,15,65,76,46,1157.881118347752,0.33737047111177637,178.66768040158786,43.47826086956522,0.0,21.73913043478261,8.782608695652174,2
Spa,81,1,70,78,64,786.7143611996567,0.34901083135746114,0.0,53.84615384615385,0.0,15.384615384615385,7.076923076923077,2
Spa,81,2,295,297,9,2960.7964191715782,0.17553473407351072,0.0,0.0,0.0,0.0,99.0,8
Spa,81,3,140,172,79,1850.008002885952,0.21074492602733708,0.0,31.25,0.0,6.25,29.625,3
Spa,81,4,190,224,0,1307.5436072092089,0.20976900402795395,0.0,0.0,0.0,0.0,86.6,4
Spa,81,5,121,161,92,1749.9042999866651,2.6757852207335806,195.86950283695478,42.10526315789473,0.0,0.0,29.42105263157895,3
Spa,81,6,177,202,33,1489.9850287476474,0.1877530409688945,0.0,18.181818181818183,0.0,9.090909090909092,47.81818181818182,4
Spa,81,7,278,292,19,4181.445086624022,0.19358291253130244,0.0,0.0,0.0,0.0,91.04761904761905,7
Spa,81,8,177,221,86,3156.6485679614125,0.24040340398791238,0.0,25.0,0.0,0.0,53.791666666666664,4
Spa,81,9,159,178,71,1161.414047201688,0.2732018036281427,0.0,40.0,0.0,10.0,45.5,4
Spa,81,10,227,267,0,1960.2585445072546,0.19910664213062634,0.0,0.0,0.0,0.0,99.0,5
Spa,81,11,306,307,0,835.9608516278895,0.8727330420702797,0.0,0.0,0.0,0.0,99.0,8
Spa,81,12,304,304,4,1367.0651275110067,1.8294727632946266,0.0,0.0,0.0,0.0,99.0,8
Spa,81,13,70,98,45,1217.1076949034177,0.3933225227721416,0.0,30.0,0.0,20.0,13.55,2
Suzuka,1,1,173,193,162,2808.06995500594,0.2604613239700081,0.0,50.0,0.0,5.555555555555555,39.44444444444444,5
Suzuka,1,2,190,243,51,7514.021204814042,0.41448673160110294,0.0,5.263157894736842,0.0,5.263157894736842,77.76315789473684,5
Suzuka,1,3,255,279,0,2100.255251040926,0.10465732155131646,0.0,0.0,0.0,0.0,100.0,6
Suzuka,1,4,267,268,22,941.6376990844074,2.9690146923575864,0.0,33.33333333333333,0.0,0.0,80.33333333333333,7
Suzuka,1,5,146,163,39,846.5633967446556,2.959550973482315,166.85606145506972,37.5,0.0,12.5,30.5,4
Suzuka,1,7,75,92,76,856.9897663017182,0.33161131047360215,0.0,38.46153846153847,0.0,23.076923076923077,12.076923076923077,3
Suzuka,1,8,236,260,0,1134.9137762783903,0.15272840723103287,0.0,0.0,0.0,0.0,100.0,6
Suzuka,1,10,162,185,131,3038.472526825739,0.23733590284927275,0.0,38.095238095238095,0.0,9.523809523809524,35.80952380952381,5
Suzuka,1,11,307,307,4,652.7159942480939,0.17083509782367298,0.0,0.0,0.0,0.0,100.0,8
Suzuka,1,12,87,102,65,1158.1458953509427,0.2685933866117209,172.18735674257914,37.5,0.0,12.5,13.0,3
Suzuka,1,13,132,226,0,1454.038043293047,0.1735726279882299,0.0,0.0,0.0,0.0,95.0,3
Suzuka,2,1,160,182,172,3005.666185572678,0.23732826007414576,0.0,55.00000000000001,0.0,10.0,28.1,5
Suzuka,2,2,214,216,29,2010.6029034659896,0.24763233491451198,0.0,15.384615384615385,0.0,0.0,51.23076923076923,5
Suzuka,2,3,197,200,24,1112.2522936383248,0.22271624583065774,0.0,0.0,0.0,0.0,42.5,5
Suzuka,2,4,176,187,39,1518.7538607641982,0.17129561040237795,0.0,28.57142857142857,0.0,14.285714285714285,35.5,5
Suzuka,2,5,217,227,0,1428.178468388949,0.2659939099418758,0.0,0.0,0.0,0.0,79.77777777777777,5
Suzuka,2,6,259,278,0,1314.1845547710072,2.562095312748221,0.0,0.0,0.0,0.0,100.0,7
Suzuka,2,7,138,143,135,2167.537937164405,1.5517743673219146,180.38956021713602,42.857142857142854,0.0,7.142857142857142,32.642857142857146,4
Suzuka,2,9,71,98,89,961.7840635901739,0.34417938870772447,147.93196663045092,42.857142857142854,0.0,7.142857142857142,14.571428571428571,2
Suzuka,2,10,233,258,0,1145.9902672648677,0.13120324779623505,0.0,0.0,0.0,0.0,100.0,6
Suzuka,2,12,157,174,128,3124.43806510829,0.2939943633683222,0.0,31.818181818181817,0.0,22.727272727272727,22.40909090909091,5
Suzuka,2,13,311,311,6,1086.4326024420807,0.2049607798941585,0.0,0.0,0.0,0.0,100.0,8
Suzuka,2,14,87,92,59,1146.3319658307591,0.39906094857613383,0.0,37.5,0.0,25.0,8.375,3
Suzuka,2,15,129,203,0,1173.8258509960942,0.5273909215334932,0.0,11.11111111111111,0.0,0.0,72.0,3
Suzuka,2,16,0,0,9,12.230867388760089,0.39269908169872414,192.68052128259296,0.0,0.0,100.0,0.0,5
Suzuka,44,1,165,191,158,2905.521929706697,0.3071319708551954,0.0,33.33333333333333,0.0,0.0,44.94444444444444,4
Suzuka,44,2,216,222,29,3800.0896461301218,0.2751019619168389,0.0,4.3478260869565215,0.0,0.0,75.78260869565217,6
Suzuka,44,3,190,204,34,1662.598775167704,0.21456789070890703,0.0,9.090909090909092,0.0,0.0,62.36363636363637,5
Suzuka,44,4,223,261,0,2544.0188748082437,1.5324771101066286,0.0,0.0,0.0,0.0,97.53333333333333,5
Suzuka,44,7,258,258,22,891.222950538915,0.27050748522379187,0.0,0.0,0.0,0.0,82.2,7
Suzuka,44,8,142,146,80,802.337845225964,0.2752675407410945,0.0,37.5,0.0,0.0,23.375,4
Suzuka,44,10,72,103,81,1071.6710751393293,0.32999668085053213,143.95957320143134,46.666666666666664,0.0,13.333333333333334,14.866666666666667,3
Suzuka,44,11,233,255,0,926.444757428515,0.1263628511525412,0.0,0.0,0.0,0.0,100.0,6
Suzuka,44,13,157,191,132,3205.5621409103187,0.2880073777480565,0.0,33.33333333333333,0.0,4.761904761904762,45.76190476190476,4
Suzuka,44,14,305,305,4,974.7695317987746,0.2935889874087498,0.0,0.0,0.0,0.0,100.0,8
Suzuka,44,15,87,223,49,2654.9303946057044,0.24318758964084686,143.77152919158107,22.22222222222222,0.0,3.7037037037037033,42.2962962962963,2
Suzuka,55,1,166,201,165,2976.622931857485,0.25652795384578275,0.0,60.0,0.0,5.0,48.45,5
Suzuka,55,2,185,197,58,5700.180801436807,1.2908465042711055,0.0,25.71428571428571,0.0,0.0,72.02857142857142,6
Suzuka,55,3,220,238,0,1361.2071830157656,0.2362967377614713,0.0,0.0,0.0,0.0,90.55555555555556,6
Suzuka,55,7,258,258,28,1017.709448487105,0.2816790402496401,0.0,50.0,0.0,0.0,74.66666666666667,7
Suzuka,55,8,147,148,55,808.5543017204509,0.26530112875147527,0.0,33.33333333333333,0.0,11.11111111111111,25.11111111111111,4
Suzuka,55,10,73,96,93,1026.1230905766424,0.3886357476469757,121.84300071712278,46.666666666666664,0.0,13.333333333333334,18.333333333333332,3
Suzuka,55,11,237,255,0,878.8176409429434,0.13409652944007866,0.0,0.0,0.0,0.0,99.14285714285714,6
Suzuka,55,13,164,180,125,3254.1440973550853,1.0175020014726037,0.0,47.82608695652174,0.0,0.0,42.78260869565217,5
Suzuka,55,14,306,306,3,851.0703453958777,0.20830610304490546,0.0,0.0,0.0,0.0,99.0,8
Suzuka,55,15,89,104,64,1236.1059573058665,0.2775207331375743,0.0,26.31578947368421,0.0,10.526315789473683,22.842105263157894,3
Suzuka,55,16,126,246,0,2043.7601899732763,0.20008801084014424,0.0,0.0,0.0,0.0,96.41666666666667,3
Suzuka,63,1,163,194,162,2987.46583682647,2.295046327543044,0.0,31.57894736842105,0.0,0.0,51.578947368421055,4
Suzuka,63,2,191,201,50,5777.079787205279,0.248732044903478,0.0,11.11111111111111,0.0,0.0,73.61111111111111,5
Suzuka,63,3,215,238,0,1614.5936554751806,0.28186541070272164,0.0,0.0,0.0,0.0,91.8,5
Suzuka,63,4,249,274,0,1992.9350574433556,2.519560638300621,0.0,0.0,0.0,0.0,100.0,7
Suzuka,63,5,261,261,19,806.3312536248523,0.2642264743429634,0.0,20.0,0.0,0.0,85.4,6
Suzuka,63,6,146,197,56,1641.0096681014402,0.9085032581963776,0.0,23.076923076923077,0.0,15.384615384615385,52.30769230769231,4
Suzuka,63,8,72,108,90,995.3320514897714,0.4860022695820365,182.18107683059498,58.333333333333336,0.0,0.0,19.083333333333332,2
Suzuka,63,9,230,251,0,936.2642651414753,2.853402635149857,0.0,0.0,0.0,0.0,100.0,6
Suzuka,63,11,162,189,114,3058.5536202314834,0.2535173872775427,0.0,28.57142857142857,0.0,0.0,52.04761904761905,4
Suzuka,63,12,303,303,4,1691.960752641091,0.26595113043867624,0.0,0.0,0.0,0.0,100.0,8
Suzuka,63,13,88,107,68,1174.1093750509244,0.7366563120875167,0.0,41.17647058823529,0.0,17.647058823529413,15.411764705882353,3
Suzuka,63,14,125,243,0,1883.630186596165,0.5465063816179718,0.0,0.0,0.0,0.0,92.72727272727273,3
Suzuka,77,1,164,190,161,2935.679277678494,0.333298838581658,0.0,50.0,0.0,5.555555555555555,45.388888888888886,5
Suzuka,77,2,209,209,29,1999.7113704596704,0.2748472399455688,0.0,0.0,0.0,22.22222222222222,56.111111111111114,6
Suzuka,77,3,215,215,6,1038.5668423905863,2.840247429879689,0.0,0.0,0.0,0.0,67.75,6
Suzuka,77,4,175,188,48,1781.1474432169089,0.2488324109931681,0.0,33.33333333333333,0.0,16.666666666666664,42.25,5
Suzuka,77,5,215,243,0,1468.6895707682088,0.2674735500799763,0.0,0.0,0.0,0.0,100.0,5
Suzuka,77,6,253,271,0,1385.7515026080655,0.14759516688949037,0.0,0.0,0.0,0.0,100.0,6
Suzuka,77,8,235,235,48,1537.0773204227116,0.20500529577836812,0.0,42.857142857142854,0.0,0.0,66.14285714285714,6
Suzuka,77,9,144,153,36,805.7870866868216,0.2895585310079638,0.0,37.5,0.0,25.0,23.875,4
Suzuka,77,11,73,104,85,1101.2451917473918,0.32156445175607395,0.0,40.0,0.0,13.333333333333334,16.6,3
Suzuka,77,12,237,252,0,707.5629115059091,0.11950583011275495,0.0,0.0,0.0,0.0,100.0,6
Suzuka,77,13,160,189,99,2977.802067948891,2.2916078297676727,0.0,28.57142857142857,0.0,23.809523809523807,34.714285714285715,5
Suzuka,77,14,302,302,6,1192.6075548981462,0.2542154915883184,0.0,0.0,0.0,0.0,100.0,8
Suzuka,77,15,91,117,210,3250.913480138108,0.39269908169872414,161.7714437099421,33.33333333333333,0.0,18.51851851851852,31.444444444444443,3
Suzuka,77,16,130,197,0,890.8006168456923,0.15246454604309906,0.0,0.0,0.0,0.0,87.625,3
Suzuka,81,1,165,200,164,3005.568663351106,0.27912950616208776,0.0,41.17647058823529,0.0,5.88235294117647,43.11764705882353,4
Suzuka,81,2,226,230,17,2228.15788893669,2.3044478984825094,0.0,7.142857142857142,0.0,0.0,70.64285714285714,6
Suzuka,81,3,214,216,20,1021.1731831038378,0.2264707245061479,0.0,0.0,0.0,0.0,49.57142857142857,6
Suzuka,81,4,197,240,24,3479.9612824247233,2.7029398382079073,0.0,0.0,0.0,0.0,64.54545454545455,5
Suzuka,81,5,260,278,0,1628.8362291601916,0.11355567972461911,0.0,0.0,0.0,0.0,99.0,6
Suzuka,81,6,256,256,27,795.043791459826,0.25547963990878575,0.0,20.0,0.0,20.0,42.2,6
Suzuka,81,7,145,161,40,812.587390146582,0.32191202267596686,0.0,37.5,0.0,12.5,35.125,4
Suzuka,81,8,73,90,190,1999.2049268310038,0.287380586656544,196.62722704616317,42.857142857142854,0.0,14.285714285714285,23.80952380952381,2
Suzuka,81,9,231,257,0,1333.0024121949646,0.19977231072909452,0.0,0.0,0.0,0.0,98.33333333333333,6
Suzuka,81,10,284,285,0,1133.619976342903,2.5189783604118867,0.0,0.0,0.0,0.0,99.0,7
Suzuka,81,11,162,206,112,3210.8644917674974,0.26800469276604355,91.41662868428102,38.095238095238095,0.0,0.0,36.142857142857146,4
Suzuka,81,12,305,305,6,1477.1582836453817,0.2512659691480983,0.0,0.0,0.0,0.0,99.16666666666667,8
Suzuka,81,13,91,240,56,3306.209622670074,0.3064738391578677,0.0,15.625,0.0,12.5,46.6875,3
