meeting_key,session_key,driver_number,lap_number,date_start,duration_sector_1,duration_sector_2,duration_sector_3,i1_speed,i2_speed,is_pit_out_lap,lap_duration,segments_sector_1,segments_sector_2,segments_sector_3,st_speed
1220,9169,1,1,2023-09-23T06:03:17.587000+00:00,,54.627,23.035,258.0,178.0,True,,"[2064, 2064, 2049, 2049, 2049, 2049, 2049, 2049, 2049]","[2049, 2049, 2049, 2049, 2049, 2049, 2049, 2049, 2049, 2049, 2049]","[2049, 2049, 2049, 2051, 2051]",206.0
1220,9169,1,2,2023-09-23T06:05:22.101000+00:00,31.228,40.656,17.994,282.0,306.0,False,89.878,"[2051, 2049, 2049, 2049, 2049, 2051, 2049, 2051, 2049]","[2051, 2049, 2049, 2049, 2049, 2049, 2051, 2051, 2051, 2051, 2051]","[2051, 2051, 2051, 2048]",306.0
1220,9169,1,3,2023-09-23T06:06:51.960000+00:00,52.151,51.748,,247.0,275.0,False,,"[2048, 2048, 2048, 2048, 2048, 2048, 2048, 2048, 2048]","[2048, 2048, 2048, 2048, 2048, 2048, 2048, 2048, 2048, 2048, 2048]",[2048],227.0
1220,9169,1,4,2023-09-23T06:39:06.094000+00:00,,52.855,20.955,219.0,204.0,True,2054.549,"[2064, 2064, 2049, 2049, 2049, 2049, 2049, 2049, 2049]","[2049, 2049, 2049, 2051, 2051, 2049, 2049, 2051, 2049, 2049, 2049]","[2051, 2051, 2051, 2051, 2051]",262.0
1220,9169,1,5,2023-09-23T06:41:06.546000+00:00,31.264,40.689,18.011,282.0,304.0,False,89.964,"[2049, 2049, 2051, 2051, 2049, 2051, 2051, 2051, 2049]","[2051, 2051, 2051, 2051, 2051, 2049, 2049, 2051, 2051, 2049, 2049]","[2049, 2051, 2051, 2048, 2048]",305.0
1220,9169,1,6,2023-09-23T06:42:36.436000+00:00,36.43,46.11,22.979,253.0,275.0,False,105.519,"[2048, 2048, 2048, 2048, 2048, 2048, 2048, 2048, 2048]","[2048, 2048, 2048, 2048, 2048, 2048, 2048, 2048, 2048, 2048, 2048]","[2048, 2048, 2048, 2064, 2064]",268.0
1220,9169,1,7,2023-09-23T07:02:02.766000+00:00,,54.922,21.439,226.0,182.0,True,1185.609,"[2064, 2064, 2049, 2049, 2049, 2049, 2049, 2049, 2049]","[2049, 2049, 2051, 2051, 2049, 2049, 2049, 2049, 2049, 2051, 2049]","[2051, 2051, 2051, 2051, 2051]",229.0
1220,9169,1,8,2023-09-23T07:04:07.624000+00:00,30.825,40.316,17.871,282.0,306.0,False,89.012,"[2051, 2051, 2051, 2049, 2049, 2051, 2051, 2051, 2049]","[2051, 2049, 2049, 2051, 2049, 2049, 2051, 2051, 2051, 2051, 2051]","[2051, 2051, 2051, 2048]",305.0
1220,9169,1,9,2023-09-23T07:05:36.561000+00:00,36.999,47.528,24.238,253.0,274.0,False,108.765,"[2048, 2048, 2048, 2048, 2048, 2048, 2048, 2048, 2048]","[2048, 2048, 2048, 2048, 2048, 2048, 2048, 2048, 2048, 2048, 2048]","[2048, 2048, 2048, 2064, 2064]",237.0
1220,9169,1,10,2023-09-23T07:09:53.855000+00:00,,55.621,21.194,219.0,171.0,True,270.65,"[2064, 2064, 2048, 2048, 2048, 2048, 2048, 2048, 2048]","[2048, 2048, 2048, 2048, 2048, 2048, 2048, 2048, 2048, 2048, 2048]","[2048, 2048, 2048, 2048, 2051]",236.0
1220,9169,1,11,2023-09-23T07:11:56.088000+00:00,30.725,40.311,17.841,283.0,305.0,False,88.877,"[2051, 2051, 2051, 2048, 2048, 2051, 2051, 2051, 2051]","[2051, 2049, 2049, 2048, 2049, 2049, 2049, 2048, 2048, 2048, 2048]","[2048, 2049, 2051, 2048]",304.0
1220,9169,1,12,2023-09-23T07:13:24.868000+00:00,41.376,51.188,31.667,219.0,238.0,False,124.231,"[2048, 2048, 2048, 2048, 2048, 2048, 2048, 2048, 2048]","[2048, 2048, 2048, 2048, 2048, 2048, 2048, 2048, 2048, 2048, 2048]","[2048, 2048, 2048, 2064, 2064]",240.0
1220,9169,2,1,2023-09-23T06:05:03.195000+00:00,,50.194,21.822,252.0,291.0,True,,"[2064, 2064, 2049, 2049, 2049, 2049, 2049, 2049, 2049]","[2049, 2049, 2049, 2049, 2049, 2049, 2049, 2049, 2049, 2049, 2049]","[2049, 2049, 2049, 2051]",207.0
1220,9169,2,2,2023-09-23T06:07:09.209000+00:00,32.171,41.129,21.822,283.0,311.0,False,95.122,"[2051, 2051, 2049, 2049, 2049, 2049, 2049, 2049, 2049]","[2049, 2049, 2049, 2049, 2049, 2051, 2051, 2049, 2049, 2049, 2051]","[2051, 2049, 2049, 2052]",308.0
1220,9169,4,1,2023-09-23T06:04:06.961000+00:00,,51.583,23.508,236.0,236.0,True,,"[2064, 2064, 2049, 2049, 2049, 2049, 2049, 2049, 2049]","[2049, 2049, 2049, 2049, 2049, 2049, 2049, 2049, 2049, 2049, 2049]","[2049, 2049, 2049, 2051]",201.0
1220,9169,4,2,2023-09-23T06:06:11.882000+00:00,31.187,40.76,18.116,278.0,305.0,False,90.063,"[2049, 2049, 2049, 2051, 2049, 2049, 2051, 2049, 2049]","[2049, 2051, 2051, 2049, 2051, 2051, 2049, 2049, 2049, 2049, 2049]","[2049, 2049, 2049, 2048, 2048]",299.0
1220,9169,4,3,2023-09-23T06:07:41.990000+00:00,45.29,,,240.0,,False,,"[2048, 2048, 2048, 2048, 2048, 2048, 2048, 2048, 2048]","[2048, 2048, 2048, 2048, 2048, 2048, 2048, 2048, 2048, 2048, 2048]","[2048, 2048, 2048, 2064, 2064]",299.0
1220,9169,4,4,2023-09-23T06:42:33.357000+00:00,,52.629,21.954,218.0,264.0,True,2221.451,"[2064, 2064, 2049, 2049, 2049, 2049, 2049, 2049, 2049]","[2049, 2049, 2049, 2049, 2049, 2049, 2049, 2049, 2049, 2049, 2049]","[2049, 2049, 2049, 2049]",208.0
1220,9169,4,5,2023-09-23T06:44:43.372000+00:00,31.257,40.826,18.213,279.0,305.0,False,90.296,"[2049, 2049, 2049, 2051, 2049, 2049, 2049, 2049, 2049]","[2049, 2049, 2049, 2049, 2049, 2049, 2049, 2049, 2051, 2049, 2049]","[2049, 2049, 2049, 2048]",299.0
1220,9169,4,6,2023-09-23T06:46:13.714000+00:00,40.334,50.311,25.401,240.0,268.0,False,116.046,"[2048, 2048, 2048, 2048, 2048, 2048, 2048, 2048, 2048]","[2048, 2048, 2048, 2048, 2048, 2048, 2048, 2048, 2048, 2048, 2048]","[2048, 2048, 2048, 2064, 2064]",230.0
1220,9169,4,7,2023-09-23T07:02:50.969000+00:00,,49.762,24.453,233.0,254.0,True,1000.682,"[2064, 2064, 2049, 2049, 2049, 2049, 2049, 2049, 2049]","[2049, 2049, 2049, 2049, 2051, 2051, 2051, 2051, 2049, 2049, 2049]","[2051, 2049, 2049, 2049, 2049]",228.0
1220,9169,4,8,2023-09-23T07:04:50.499000+00:00,31.025,40.421,18.047,280.0,307.0,False,89.493,"[2049, 2049, 2049, 2051, 2051, 2049, 2049, 2049, 2049]","[2049, 2051, 2051, 2049, 2049, 2049, 2049, 2049, 2049, 2049, 2051]","[2049, 2049, 2049, 2049, 2049]",301.0
1220,9169,4,9,2023-09-23T07:06:19.920000+00:00,38.527,47.636,24.398,249.0,276.0,False,110.561,"[2048, 2048, 2048, 2048, 2048, 2048, 2048, 2048, 2048]","[2048, 2048, 2048, 2048, 2048, 2048, 2048, 2048, 2048, 2048, 2048]","[2048, 2048, 2048, 2064, 2064]",226.0
1220,9169,4,10,2023-09-23T07:10:25.886000+00:00,,50.164,26.509,237.0,265.0,True,254.754,"[2064, 2064, 2048, 2048, 2048, 2048, 2048, 2048, 2048]","[2048, 2048, 2048, 2048, 2048, 2048, 2048, 2048, 2048, 2048, 2048]","[2048, 2048, 2048, 2049, 2048]",174.0
1220,9169,4,11,2023-09-23T07:12:25.291000+00:00,30.916,40.655,18.051,280.0,307.0,False,89.622,"[2049, 2049, 2049, 2051, 2048, 2049, 2048, 2049, 2049]","[2049, 2048, 2048, 2048, 2049, 2049, 2049, 2048, 2048, 2048, 2048]","[2048, 2048, 2049, 2048, 2048]",301.0
1220,9169,4,12,2023-09-23T07:13:54.915000+00:00,41.233,49.49,29.176,235.0,250.0,False,119.899,"[2048, 2048, 2048, 2048, 2048, 2048, 2048, 2048, 2048]","[2048, 2048, 2048, 2048, 2048, 2048, 2048, 2048, 2048, 2048, 2048]","[2048, 2048, 2048, 2064, 2064]",194.0
1220,9169,10,1,2023-09-23T06:04:38.727000+00:00,,53.446,22.885,223.0,273.0,True,,"[2064, 2064, 2049, 2049, 2049, 2049, 2049, 2049, 2049]","[2049, 2049, 2049, 2049, 2049, 2049, 2049, 2049, 2049, 2049, 2049]","[2049, 2049, 2049, 2049, 2049]",179.0
1220,9169,10,2,2023-09-23T06:06:45.100000+00:00,31.899,41.332,18.252,281.0,305.0,False,91.483,"[2049, 2049, 2049, 2049, 2049, 2049, 2049, 2049, 2049]","[2049, 2049, 2049, 2049, 2049, 2049, 2049, 2049, 2049, 2049, 2049]","[2049, 2049, 2049, 2048]",305.0
1220,9169,10,3,2023-09-23T06:08:16.599000+00:00,,,,,,False,,"[2048, 2048, 2048, 2048, 2048, 2048, 2048, 2048, 2048]","[2048, 2048, 2048, 2048, 2048, 2048, 2048, 2048, 2048, 2048, 2048]",[2048],
1220,9169,10,4,2023-09-23T06:27:16.868000+00:00,,51.998,21.43,215.0,263.0,True,1266.563,"[2064, 2064, 2048, 2048, 2048, 2048, 2048, 2048, 2048]","[2048, 2048, 2048, 2048, 2048, 2048, 2048, 2048, 2048, 2048, 2048]","[2048, 2048, 2048, 2049, 2049]",198.0
1220,9169,10,5,2023-09-23T06:29:23.226000+00:00,31.651,41.105,18.087,282.0,305.0,False,90.843,"[2049, 2049, 2049, 2049, 2048, 2049, 2049, 2049, 2049]","[2049, 2049, 2049, 2049, 2049, 2049, 2049, 2049, 2048, 2049, 2049]","[2048, 2048, 2049, 2048]",306.0
1220,9169,10,6,2023-09-23T06:30:54.068000+00:00,56.171,46.827,24.863,235.0,277.0,False,127.861,"[2048, 2048, 2048, 2048, 2048, 2048, 2048, 2048, 2048]","[2048, 2048, 2048, 2048, 2048, 2048, 2048, 2048, 2048, 2048, 2048]","[2048, 2048, 2048, 2064, 2064]",266.0
1220,9169,10,7,2023-09-23T06:41:36.921000+00:00,,53.915,21.459,215.0,277.0,True,645.669,"[2064, 2064, 2049, 2049, 2049, 2049, 2049, 2049, 2049]","[2049, 2049, 2049, 2049, 2049, 2049, 2049, 2049, 2049, 2049, 2049]","[2049, 2049, 2049, 2049]",224.0
1220,9169,10,8,2023-09-23T06:43:47.528000+00:00,32.117,41.149,18.152,281.0,304.0,False,91.418,"[2049, 2049, 2049, 2049, 2049, 2049, 2049, 2049, 2049]","[2049, 2049, 2049, 2049, 2049, 2049, 2049, 2049, 2049, 2049, 2049]","[2049, 2049, 2049, 2049]",305.0
1220,9169,10,9,2023-09-23T06:45:18.934000+00:00,40.235,47.759,26.351,249.0,274.0,False,114.345,"[2048, 2048, 2048, 2048, 2048, 2048, 2048, 2048, 2048]","[2048, 2048, 2048, 2048, 2048, 2048, 2048, 2048, 2048, 2048, 2048]","[2048, 2048, 2048, 2064, 2064]",233.0
1220,9169,10,10,2023-09-23T06:51:25.961000+00:00,,53.36,23.156,210.0,253.0,True,375.209,"[2064, 2064, 2048, 2048, 2048, 2048, 2048, 2048, 2048]","[2048, 2048, 2048, 2048, 2048, 2048, 2048, 2048, 2048, 2048, 2048]","[2048, 2048, 2048, 2049, 2049]",215.0
1220,9169,10,11,2023-09-23T06:53:28.553000+00:00,31.424,40.99,18.095,283.0,304.0,False,90.509,"[2049, 2049, 2048, 2049, 2049, 2049, 2049, 2049, 2049]","[2049, 2049, 2048, 2049, 2049, 2048, 2048, 2049, 2049, 2049, 2049]","[2048, 2049, 2049, 2048]",306.0
1220,9169,10,12,2023-09-23T06:54:59.021000+00:00,49.1,47.305,29.871,220.0,260.0,False,126.276,"[2048, 2048, 2048, 2048, 2048, 2048, 2048, 2048, 2048]","[2048, 2048, 2048, 2048, 2048, 2048, 2048, 2048, 2048, 2048, 2048]","[2048, 2048, 2048, 2064, 2064]",212.0
1220,9169,11,1,2023-09-23T06:03:25.649000+00:00,,51.343,24.814,240.0,230.0,True,,"[2064, 2064, 2049, 2049, 2049, 2049, 2049, 2049, 2049]","[2049, 2049, 2049, 2049, 2049, 2049, 2049, 2049, 2049, 2049, 2049]","[2049, 2049, 2049, 2049]",162.0
1220,9169,11,2,2023-09-23T06:05:29.179000+00:00,31.468,41.065,18.119,282.0,306.0,False,90.652,"[2049, 2049, 2051, 2049, 2049, 2049, 2049, 2049, 2049]","[2049, 2049, 2049, 2049, 2051, 2049, 2049, 2049, 2049, 2049, 2049]","[2049, 2049, 2049, 2048]",306.0
1220,9169,11,3,2023-09-23T06:06:59.866000+00:00,45.494,51.829,,241.0,272.0,False,,"[2048, 2048, 2048, 2048, 2048, 2048, 2048, 2048, 2048]","[2048, 2048, 2048, 2048, 2048, 2048, 2048, 2048, 2048, 2048, 2048]",[2048],226.0
1220,9169,11,4,2023-09-23T06:27:03.852000+00:00,,50.993,21.648,262.0,168.0,True,1316.361,"[2064, 2064, 2048, 2048, 2048, 2048, 2048, 2048, 2048]","[2048, 2048, 2048, 2048, 2048, 2048, 2048, 2048, 2048, 2048, 2048]","[2048, 2048, 2048, 2048, 2048]",237.0
1220,9169,11,5,2023-09-23T06:28:56.257000+00:00,31.627,41.008,18.058,281.0,304.0,False,90.693,"[2048, 2048, 2048, 2049, 2049, 2048, 2049, 2048, 2048]","[2048, 2048, 2049, 2049, 2048, 2049, 2049, 2049, 2049, 2049, 2048]","[2048, 2049, 2051, 2048, 2048]",303.0
1220,9169,11,6,2023-09-23T06:30:26.975000+00:00,45.221,51.968,25.685,250.0,263.0,False,122.874,"[None, 2048, 2048, 2048, 2048, 2048, 2048, 2048, 2048]","[2048, 2048, 2048, 2048, 2048, 2048, 2048, 2048, 2048, 2048, 2048]","[2048, 2048, 2048, 2064, 2064]",238.0
1220,9169,11,7,2023-09-23T06:41:30.889000+00:00,,50.892,20.96,264.0,259.0,True,665.936,"[2064, 2064, 2049, 2049, 2049, 2049, 2049, 2049, 2049]","[2049, 2049, 2049, 2049, 2049, 2049, 2049, 2049, 2049, 2049, 2049]","[2049, 2049, 2049, 2049]",252.0
1220,9169,11,8,2023-09-23T06:43:35.701000+00:00,31.297,40.913,18.124,283.0,306.0,False,90.334,"[2049, 2051, 2049, 2049, 2051, 2049, 2049, 2049, 2049]","[2049, 2049, 2049, 2049, 2051, 2049, 2049, 2049, 2049, 2049, 2049]","[2049, 2051, 2049, 2048]",305.0
1220,9169,11,9,2023-09-23T06:45:06.090000+00:00,40.936,50.428,27.736,238.0,250.0,False,119.1,"[2048, 2048, 2048, 2048, 2048, 2048, 2048, 2048, 2048]","[2048, 2048, 2048, 2048, 2048, 2048, 2048, 2048, 2048, 2048, 2048]","[2048, 2048, 2048, 2064, 2064]",210.0
1220,9169,11,10,2023-09-23T06:50:53.024000+00:00,,49.269,20.686,257.0,255.0,True,351.074,"[2064, 2064, 2048, 2048, 2048, 2048, 2048, 2048, 2048]","[2048, 2048, 2048, 2048, 2048, 2048, 2048, 2048, 2048, 2048, 2048]","[2048, 2048, 2048, 2048, 2048]",232.0
1220,9169,11,11,2023-09-23T06:52:56.319000+00:00,31.377,40.634,17.954,282.0,305.0,False,89.965,"[2048, 2048, 2048, 2048, 2048, 2048, 2049, 2048, 2048]","[2049, 2049, 2049, 2049, 2048, 2048, 2048, 2049, 2049, 2048, 2048]","[2048, 2048, 2051, 2048, 2048]",306.0
1220,9169,11,12,2023-09-23T06:54:26.224000+00:00,41.48,50.635,28.337,241.0,249.0,False,120.452,"[None, 2048, 2048, 2048, 2048, 2048, 2048, 2048, 2048]","[2048, 2048, 2048, 2048, 2048, 2048, 2048, 2048, 2048, 2048, 2048]","[2048, 2048, 2048, 2064, 2064]",194.0
1220,9169,11,13,2023-09-23T07:02:10.016000+00:00,,55.669,21.537,224.0,209.0,True,470.956,"[2064, 2064, 2049, 2049, 2049, 2049, 2049, 2049, 2049]","[2049, 2049, 2049, 2049, 2049, 2049, 2049, 2049, 2049, 2049, 2049]","[2049, 2049, 2051, 2049, 2049]",221.0
1220,9169,11,14,2023-09-23T07:04:17.687000+00:00,31.508,40.724,18.191,282.0,305.0,False,90.423,"[2049, 2049, 2049, 2049, 2049, 2049, 2049, 2049, 2049]","[2049, 2049, 2049, 2049, 2051, 2049, 2049, 2049, 2049, 2049, 2049]","[2049, 2051, 2049, 2048, 2048]",305.0
1220,9169,11,15,2023-09-23T07:05:48.014000+00:00,38.239,46.524,26.583,251.0,249.0,False,111.346,"[2048, 2048, 2048, 2048, 2048, 2048, 2048, 2048, 2048]","[2048, 2048, 2048, 2048, 2048, 2048, 2048, 2048, 2048, 2048, 2048]","[2048, 2048, 2048, 2064, 2064]",217.0
1220,9169,11,16,2023-09-23T07:10:47.463000+00:00,,51.284,22.344,263.0,205.0,True,308.802,"[2064, 2064, 2048, 2048, 2048, 2048, 2048, 2048, 2048]","[2048, 2048, 2048, 2048, 2048, 2048, 2048, 2048, 2048, 2048, 2048]","[2048, 2048, 2048, 2049, 2049]",203.0
1220,9169,11,17,2023-09-23T07:12:48.259000+00:00,31.152,40.528,17.97,282.0,304.0,False,89.65,"[2049, 2049, 2049, 2049, 2049, 2049, 2049, 2049, 2049]","[2049, 2049, 2049, 2049, 2051, 2049, 2049, 2048, 2049, 2049, 2049]","[2048, 2048, 2049, 2048]",305.0
1220,9169,11,18,2023-09-23T07:14:17.836000+00:00,43.663,51.074,32.845,235.0,246.0,False,127.582,"[2048, 2048, 2048, 2048, 2048, 2048, 2048, 2048, 2048]","[2048, 2048, 2048, 2048, 2048, 2048, 2048, 2048, 2048, 2048, 2048]","[2048, 2048, 2048, 2064, 2064]",205.0
1220,9169,14,1,2023-09-23T06:04:15.493000+00:00,,53.942,21.061,218.0,248.0,True,,"[2064, 2064, 2049, 2049, 2049, 2049, 2049, 2049, 2049]","[2049, 2049, 2049, 2049, 2049, 2049, 2049, 2049, 2049, 2049, 2049]","[2049, 2049, 2049, 2049]",231.0
1220,9169,14,2,2023-09-23T06:06:25.194000+00:00,31.587,40.984,18.543,273.0,303.0,False,91.114,"[2049, 2049, 2049, 2049, 2049, 2049, 2049, 2049, 2049]","[2049, 2049, 2049, 2049, 2049, 2049, 2049, 2049, 2049, 2049, 2049]","[2049, 2049, 2049, 2048]",302.0
1220,9169,14,3,2023-09-23T06:07:56.303000+00:00,41.926,,,224.0,,False,,"[2048, 2048, 2048, 2048, 2048, 2048, 2048, 2048, 2048]","[2048, 2048, 2048, 2048, 2048, 2048, 2048, 2048, 2048, 2048, 2048]",[2048],
1220,9169,14,4,2023-09-23T06:28:17.601000+00:00,,54.382,22.836,213.0,257.0,True,1355.809,"[2064, 2064, 2048, 2048, 2048, 2048, 2048, 2048, 2048]","[2048, 2048, 2048, 2048, 2048, 2048, 2048, 2048, 2048, 2048, 2048]","[2048, 2048, 2048, 2048, 2048]",180.0
1220,9169,14,5,2023-09-23T06:30:32.162000+00:00,31.742,40.985,18.244,276.0,301.0,False,90.971,"[2048, 2048, 2048, 2048, 2048, 2048, 2048, 2049, 2049]","[2049, 2049, 2049, 2048, 2049, 2048, 2048, 2048, 2049, 2049, 2048]","[2048, 2048, 2049, 2048]",299.0
1220,9169,14,6,2023-09-23T06:32:03.083000+00:00,44.795,52.342,29.951,210.0,270.0,False,127.088,"[None, 2048, 2048, 2048, 2048, 2048, 2048, 2048, 2048]","[2048, 2048, 2048, 2048, 2048, 2048, 2048, 2048, 2048, 2048, 2048]","[2048, 2048, 2048, 2064, 2064]",206.0
1220,9169,14,7,2023-09-23T06:42:15.139000+00:00,,51.472,22.647,217.0,238.0,True,624.075,"[2064, 2064, 2049, 2049, 2049, 2049, 2049, 2049, 2049]","[2049, 2049, 2049, 2049, 2049, 2049, 2049, 2049, 2049, 2049, 2049]","[2049, 2049, 2049, 2049, 2049]",227.0
1220,9169,14,8,2023-09-23T06:44:34.247000+00:00,31.815,41.261,18.234,276.0,302.0,False,91.31,"[2049, 2049, 2049, 2049, 2049, 2049, 2049, 2049, 2049]","[2049, 2049, 2049, 2049, 2049, 2049, 2049, 2049, 2049, 2049, 2049]","[2049, 2049, 2049, 2048]",300.0
1220,9169,14,9,2023-09-23T06:46:05.543000+00:00,36.161,46.333,26.286,244.0,257.0,False,108.78,"[2048, 2048, 2048, 2048, 2048, 2048, 2048, 2048, 2048]","[2048, 2048, 2048, 2048, 2048, 2048, 2048, 2048, 2048, 2048, 2048]","[2048, 2048, 2048, 2064, 2064]",220.0
1220,9169,14,10,2023-09-23T06:50:11.180000+00:00,,53.231,21.419,205.0,280.0,True,266.036,"[2064, 2064, 2048, 2048, 2048, 2048, 2048, 2048, 2048]","[2048, 2048, 2048, 2048, 2048, 2048, 2048, 2048, 2048, 2048, 2048]","[2048, 2048, 2048, 2049, 2049]",226.0
1220,9169,14,11,2023-09-23T06:52:20.445000+00:00,31.238,41.06,18.167,277.0,304.0,False,90.465,"[2049, 2049, 2049, 2049, 2049, 2049, 2051, 2049, 2049]","[2048, 2048, 2049, 2049, 2049, 2049, 2049, 2049, 2048, 2049, 2049]","[2049, 2049, 2048, 2048, 2048]",301.0
1220,9169,14,12,2023-09-23T06:53:50.897000+00:00,42.428,51.85,28.504,213.0,226.0,False,122.782,"[2048, 2048, 2048, 2048, 2048, 2048, 2048, 2048, 2048]","[2048, 2048, 2048, 2048, 2048, 2048, 2048, 2048, 2048, 2048, 2048]","[2048, 2048, 2048, 2064, 2064]",221.0
1220,9169,14,13,2023-09-23T07:06:44.654000+00:00,,52.741,21.4,210.0,277.0,True,780.07,"[2064, 2064, 2049, 2049, 2049, 2049, 2049, 2049, 2049]","[2049, 2049, 2049, 2049, 2049, 2049, 2049, 2049, 2049, 2049, 2049]","[2049, 2049, 2049, 2049, 2049]",217.0
1220,9169,14,14,2023-09-23T07:08:53.746000+00:00,31.35,41.004,18.206,277.0,301.0,False,90.56,"[2049, 2049, 2049, 2049, 2049, 2049, 2049, 2049, 2049]","[2049, 2049, 2049, 2049, 2049, 2049, 2049, 2049, 2049, 2049, 2049]","[2049, 2049, 2049, 2048]",299.0
1220,9169,14,15,2023-09-23T07:10:24.276000+00:00,41.332,53.631,29.049,251.0,251.0,False,124.012,"[2048, 2048, 2048, 2048, 2048, 2048, 2048, 2048, 2048]","[2048, 2048, 2048, 2048, 2048, 2048, 2048, 2048, 2048, 2048, 2048]","[2048, 2048, 2048, 2064, 2064]",206.0
1220,9169,16,1,2023-09-23T06:05:26.257000+00:00,,50.413,27.255,200.0,268.0,True,,"[2064, 2064, 2049, 2049, 2049, 2049, 2049, 2049, 2049]","[2049, 2049, 2049, 2049, 2049, 2049, 2049, 2049, 2049, 2049, 2049]","[2049, 2049, 2049, 2049]",144.0
1220,9169,16,2,2023-09-23T06:07:45.021000+00:00,31.855,,,280.0,,False,,"[2049, 2049, 2049, 2049, 2049, 2049, 2049, 2049, 2049]","[2049, 2049, 2049, 2049, 2049, 2049, 2049, 2049, 2049, 2049, 2049]",[2048],
1220,9169,16,3,2023-09-23T06:22:04.387000+00:00,,50.568,24.44,251.0,240.0,True,983.946,"[2064, 2064, 2048, 2048, 2048, 2048, 2048, 2048, 2048]","[2048, 2048, 2048, 2048, 2048, 2048, 2048, 2048, 2048, 2048, 2048]","[2049, 2049, 2049, 2049, 2048]",187.0
1220,9169,16,4,2023-09-23T06:24:09.026000+00:00,31.528,40.746,18.119,281.0,302.0,False,90.393,"[2048, 2048, 2049, 2049, 2051, 2049, 2049, 2049, 2049]","[2049, 2048, 2051, 2051, 2049, 2048, 2049, 2051, 2049, 2048, 2048]","[2049, 2049, 2049, 2049]",301.0
1220,9169,16,5,2023-09-23T06:25:39.353000+00:00,48.727,48.283,24.833,249.0,277.0,False,121.843,"[None, 2048, 2048, 2048, 2048, 2048, 2048, 2048, 2048]","[2048, 2048, 2048, 2048, 2048, 2048, 2048, 2048, 2048, 2048, 2048]","[2048, 2048, 2048, 2064, 2064]",256.0
1220,9169,16,6,2023-09-23T06:40:07.781000+00:00,,49.895,24.795,246.0,280.0,True,867.709,"[2064, 2064, 2049, 2049, 2049, 2049, 2049, 2049, 2049]","[2049, 2049, 2049, 2049, 2049, 2049, 2049, 2049, 2051, 2051, 2051]","[2049, 2049, 2049, 2049, 2049]",174.0
1220,9169,16,7,2023-09-23T06:42:08.936000+00:00,31.572,40.776,18.108,282.0,305.0,False,90.456,"[2049, 2049, 2049, 2049, 2051, 2049, 2049, 2049, 2049]","[2049, 2051, 2051, 2049, 2051, 2049, 2049, 2049, 2049, 2049, 2049]","[2049, 2049, 2049, 2048]",303.0
1220,9169,16,8,2023-09-23T06:43:39.419000+00:00,36.781,46.733,23.465,250.0,281.0,False,106.979,"[2048, 2048, 2048, 2048, 2048, 2048, 2048, 2048, 2048]","[2048, 2048, 2048, 2048, 2048, 2048, 2048, 2048, 2048, 2048, 2048]","[2048, 2048, 2048, 2064, 2064]",277.0
1220,9169,16,9,2023-09-23T06:49:54.321000+00:00,,50.77,24.386,243.0,259.0,True,389.021,"[2064, 2064, 2048, 2048, 2048, 2048, 2048, 2048, 2048]","[2048, 2048, 2048, 2048, 2048, 2048, 2048, 2048, 2048, 2048, 2048]","[2048, 2048, 2048, 2051, 2049]",168.0
1220,9169,16,10,2023-09-23T06:51:55.445000+00:00,31.43,40.461,18.049,282.0,306.0,False,89.94,"[2049, 2049, 2049, 2049, 2048, 2049, 2049, 2048, 2049]","[2049, 2048, 2049, 2049, 2051, 2049, 2048, 2049, 2051, 2049, 2049]","[2049, 2048, 2051, 2048]",303.0
1220,9169,16,11,2023-09-23T06:53:25.319000+00:00,43.923,53.573,27.888,209.0,240.0,False,125.384,"[2048, 2048, 2048, 2048, 2048, 2048, 2048, 2048, 2048]","[2048, 2048, 2048, 2048, 2048, 2048, 2048, 2048, 2048, 2048, 2048]","[2048, 2048, 2048, 2064, 2064]",178.0
1220,9169,16,12,2023-09-23T07:09:59.073000+00:00,,52.891,26.91,249.0,188.0,True,994.81,"[2064, 2064, 2049, 2049, 2049, 2049, 2049, 2049, 2049]","[2049, 2049, 2049, 2049, 2049, 2049, 2049, 2049, 2049, 2049, 2049]","[2049, 2049, 2049, 2049, 2049]",188.0
1220,9169,16,13,2023-09-23T07:12:05.572000+00:00,31.24,40.363,17.939,281.0,303.0,False,89.542,"[2049, 2049, 2049, 2049, 2049, 2049, 2049, 2049, 2049]","[2049, 2049, 2051, 2049, 2051, 2049, 2049, 2049, 2049, 2049, 2049]","[2049, 2049, 2049, 2049]",302.0
1220,9169,16,14,2023-09-23T07:13:35.024000+00:00,42.083,52.899,32.867,199.0,199.0,False,127.849,"[2048, 2048, 2048, 2048, 2048, 2048, 2048, 2048, 2048]","[2048, 2048, 2048, 2048, 2048, 2048, 2048, 2048, 2048, 2048, 2048]","[2048, 2048, 2048, 2064, 2064]",199.0
1220,9169,18,1,,,49.474,21.227,248.0,277.0,True,,"[2064, 2064, 2049, 2049, 2049, 2049, 2049, 2049, 2051]","[2051, 2051, 2051, 2051, 2051, 2051, 2051, 2051, 2049, 2049, 2051]","[2049, 2051, 2051, 2051]",228.0
1220,9169,18,2,2023-09-23T06:02:03.228000+00:00,32.049,41.864,18.333,277.0,301.0,False,92.246,"[2049, 2049, 2051, 2051, 2051, 2049, 2051, 2051, 2049]","[2049, 2049, 2049, 2049, 2049, 2049, 2049, 2049, 2049, 2049, 2049]","[2049, 2051, 2051, 2048, 2048]",300.0
1220,9169,18,3,2023-09-23T06:03:35.852000+00:00,37.963,47.28,26.278,238.0,284.0,False,111.521,"[2048, 2048, 2048, 2048, 2048, 2048, 2048, 2048, 2048]","[2048, 2048, 2048, 2048, 2048, 2048, 2048, 2048, 2048, 2048, 2048]","[2048, 2048, 2048, 2064, 2064]",220.0
1220,9169,18,4,2023-09-23T06:07:43.068000+00:00,,,,235.0,,True,,"[2064, 2064, 2048, 2048, 2048, 2048, 2048, 2048, 2048]","[2048, 2048, 2048, 2048, 2048, 2048, 2048, 2048, 2048, 2048, 2048]",[2048],
1220,9169,18,5,2023-09-23T06:28:01.477000+00:00,,55.513,23.167,225.0,211.0,True,1475.518,"[None, 2064, 2048, 2048, 2048, 2048, 2048, 2048, 2048]","[2048, 2048, 2048, 2048, 2048, 2048, 2048, 2048, 2048, 2048, 2048]","[2048, 2048, 2048, 2049, 2049]",171.0
1220,9169,18,6,2023-09-23T06:30:02.585000+00:00,31.521,41.208,18.452,279.0,301.0,False,91.181,"[2049, 2049, 2049, 2049, 2049, 2049, 2049, 2049, 2049]","[2049, 2049, 2049, 2049, 2049, 2049, 2049, 2049, 2049, 2049, 2049]","[2049, 2048, 2048, 2048]",300.0
1220,9169,18,7,2023-09-23T06:31:33.693000+00:00,40.052,52.505,29.754,231.0,236.0,False,122.311,"[2048, 2048, 2048, 2048, 2048, 2048, 2048, 2048, 2048]","[2048, 2048, 2048, 2048, 2048, 2048, 2048, 2048, 2048, 2048, 2048]","[2048, 2048, 2048, 2064, 2064]",220.0
1220,9169,20,1,2023-09-23T06:03:50.149000+00:00,,50.728,26.817,254.0,279.0,True,,"[2064, 2064, 2049, 2049, 2049, 2049, 2049, 2049, 2049]","[2049, 2049, 2049, 2049, 2049, 2049, 2049, 2049, 2049, 2049, 2049]","[2049, 2049, 2049, 2049, 2049]",183.0
1220,9169,20,2,2023-09-23T06:05:54.820000+00:00,31.989,41.239,18.329,280.0,307.0,False,91.557,"[2049, 2049, 2049, 2049, 2049, 2049, 2049, 2049, 2049]","[2049, 2049, 2049, 2049, 2049, 2049, 2049, 2049, 2049, 2049, 2049]","[2049, 2049, 2049, 2048]",306.0
1220,9169,20,3,2023-09-23T06:07:26.397000+00:00,41.848,47.093,,252.0,191.0,False,,"[2048, 2048, 2048, 2048, 2048, 2048, 2048, 2048, 2048]","[2048, 2048, 2048, 2048, 2048, 2048, 2048, 2048, 2048, 2048, 2048]",[2048],
1220,9169,20,4,2023-09-23T06:27:23.399000+00:00,,54.769,22.562,251.0,263.0,True,1324.852,"[2064, 2064, 2048, 2048, 2048, 2048, 2048, 2048, 2048]","[2048, 2048, 2048, 2048, 2048, 2048, 2048, 2048, 2048, 2048, 2048]","[2048, 2048, 2048, 2049, 2049]",165.0
1220,9169,20,5,2023-09-23T06:29:31.304000+00:00,31.771,40.947,18.258,280.0,305.0,False,90.976,"[2048, 2048, 2049, 2049, 2049, 2049, 2049, 2049, 2048]","[2049, 2049, 2049, 2051, 2048, 2049, 2048, 2049, 2049, 2048, 2048]","[2048, 2049, 2049, 2048]",302.0
1220,9169,20,6,2023-09-23T06:31:02.240000+00:00,40.303,46.802,26.825,250.0,280.0,False,113.93,"[None, 2048, 2048, 2048, 2048, 2048, 2048, 2048, 2048]","[2048, 2048, 2048, 2048, 2048, 2048, 2048, 2048, 2048, 2048, 2048]","[2048, 2048, 2048, 2064, 2064]",246.0
1220,9169,20,7,2023-09-23T06:50:00.931000+00:00,,56.993,21.324,235.0,233.0,True,1153.483,"[2064, 2064, 2049, 2049, 2049, 2049, 2049, 2049, 2049]","[2049, 2049, 2049, 2049, 2049, 2049, 2049, 2049, 2049, 2049, 2049]","[2049, 2049, 2049, 2049, 2049]",226.0
1220,9169,20,8,2023-09-23T06:52:09.679000+00:00,31.626,40.896,18.143,280.0,304.0,False,90.665,"[2049, 2049, 2049, 2049, 2049, 2049, 2049, 2049, 2049]","[2049, 2049, 2049, 2051, 2049, 2049, 2049, 2049, 2049, 2049, 2049]","[2049, 2049, 2049, 2048]",303.0
1220,9169,20,9,2023-09-23T06:53:40.272000+00:00,40.639,47.363,25.786,252.0,279.0,False,113.788,"[2048, 2048, 2048, 2048, 2048, 2048, 2048, 2048, 2048]","[2048, 2048, 2048, 2048, 2048, 2048, 2048, 2048, 2048, 2048, 2048]","[2048, 2048, 2048, 2064, 2064]",276.0
1220,9169,22,1,2023-09-23T06:04:22.883000+00:00,,56.714,21.692,210.0,221.0,True,,"[2064, 2064, 2049, 2049, 2049, 2049, 2049, 2049, 2049]","[2049, 2049, 2049, 2049, 2049, 2049, 2049, 2049, 2049, 2049, 2049]","[2049, 2049, 2049, 2049]",237.0
1220,9169,22,2,2023-09-23T06:06:38.178000+00:00,31.977,41.013,18.221,279.0,302.0,False,91.211,"[2049, 2049, 2049, 2049, 2049, 2049, 2049, 2049, 2049]","[2049, 2049, 2049, 2049, 2049, 2049, 2049, 2049, 2049, 2049, 2049]","[2049, 2049, 2049, 2049]",303.0
1220,9169,22,3,2023-09-23T06:08:09.443000+00:00,37.326,,,252.0,,False,,"[2048, 2048, 2048, 2048, 2048, 2048, 2048, 2048, 2048]","[2048, 2048, 2048, 2048, 2048, 2048, 2048, 2048, 2048, 2048, 2048]",[2048],
1220,9169,22,4,2023-09-23T06:28:10.633000+00:00,,50.545,26.263,230.0,143.0,True,1322.983,"[2064, 2064, 2048, 2048, 2048, 2048, 2048, 2048, 2048]","[2048, 2048, 2048, 2048, 2048, 2048, 2048, 2048, 2048, 2048, 2048]","[2048, 2048, 2048, 2049, 2049]",145.0
1220,9169,22,5,2023-09-23T06:30:12.444000+00:00,31.602,40.899,18.232,280.0,302.0,False,90.733,"[2049, 2049, 2049, 2049, 2049, 2049, 2049, 2049, 2049]","[2049, 2048, 2049, 2048, 2049, 2049, 2049, 2051, 2049, 2048, 2049]","[2049, 2048, 2049, 2048, 2048]",302.0
1220,9169,22,6,2023-09-23T06:31:43.099000+00:00,46.648,50.988,27.774,210.0,238.0,False,125.41,"[2048, 2048, 2048, 2048, 2048, 2048, 2048, 2048, 2048]","[2048, 2048, 2048, 2048, 2048, 2048, 2048, 2048, 2048, 2048, 2048]","[2048, 2048, 2048, 2064, 2064]",224.0
1220,9169,22,7,2023-09-23T06:42:06.592000+00:00,,51.04,20.808,238.0,269.0,True,624.889,"[2064, 2064, 2049, 2049, 2049, 2049, 2049, 2049, 2049]","[2049, 2049, 2049, 2049, 2049, 2049, 2049, 2049, 2049, 2049, 2049]","[2049, 2049, 2049, 2049, 2049]",241.0
1220,9169,22,8,2023-09-23T06:44:13.481000+00:00,31.439,40.809,18.105,279.0,304.0,False,90.353,"[2049, 2049, 2049, 2049, 2049, 2049, 2051, 2051, 2049]","[2049, 2049, 2049, 2049, 2049, 2049, 2049, 2049, 2049, 2049, 2049]","[2049, 2049, 2049, 2048]",302.0
1220,9169,22,9,2023-09-23T06:45:43.762000+00:00,37.601,45.958,28.276,237.0,273.0,False,111.835,"[2048, 2048, 2048, 2048, 2048, 2048, 2048, 2048, 2048]","[2048, 2048, 2048, 2048, 2048, 2048, 2048, 2048, 2048, 2048, 2048]","[2048, 2048, 2048, 2064, 2064]",246.0
1220,9169,22,10,2023-09-23T06:51:12.664000+00:00,,51.788,22.962,240.0,177.0,True,340.362,"[2064, 2064, 2048, 2048, 2048, 2048, 2048, 2048, 2048]","[2048, 2048, 2048, 2048, 2048, 2048, 2048, 2048, 2048, 2048, 2048]","[2048, 2048, 2048, 2048, 2048]",206.0
1220,9169,22,11,2023-09-23T06:53:16.038000+00:00,31.454,40.706,18.044,280.0,301.0,False,90.204,"[2049, 2049, 2049, 2048, 2048, 2049, 2048, 2048, 2049]","[2049, 2048, 2048, 2049, 2049, 2048, 2048, 2049, 2049, 2048, 2048]","[2048, 2049, 2049, 2048]",302.0
1220,9169,22,12,2023-09-23T06:54:46.177000+00:00,39.367,56.589,30.317,244.0,216.0,False,126.273,"[2048, 2048, 2048, 2048, 2048, 2048, 2048, 2048, 2048]","[2048, 2048, 2048, 2048, 2048, 2048, 2048, 2048, 2048, 2048, 2048]","[2048, 2048, 2048, 2064, 2064]",170.0
1220,9169,22,13,2023-09-23T07:02:38.375000+00:00,,50.48,24.204,224.0,271.0,True,470.813,"[2064, 2064, 2049, 2049, 2049, 2049, 2049, 2049, 2049]","[2049, 2049, 2049, 2049, 2049, 2049, 2049, 2049, 2051, 2049, 2051]","[2049, 2049, 2049, 2049, 2049]",152.0
1220,9169,22,14,2023-09-23T07:04:43.311000+00:00,31.857,41.134,18.122,279.0,302.0,False,91.113,"[2049, 2049, 2049, 2049, 2049, 2049, 2049, 2049, 2049]","[2049, 2049, 2049, 2049, 2049, 2049, 2049, 2049, 2049, 2049, 2049]","[2049, 2049, 2049, 2049]",303.0
1220,9169,22,15,2023-09-23T07:06:14.357000+00:00,37.394,46.806,26.015,248.0,272.0,False,110.215,"[2048, 2048, 2048, 2048, 2048, 2048, 2048, 2048, 2048]","[2048, 2048, 2048, 2048, 2048, 2048, 2048, 2048, 2048, 2048, 2048]","[2048, 2048, 2048, 2064, 2064]",262.0
1220,9169,22,16,2023-09-23T07:10:35.792000+00:00,,48.64,25.709,247.0,275.0,True,269.973,"[2064, 2064, 2048, 2048, 2048, 2048, 2048, 2048, 2048]","[2048, 2048, 2048, 2048, 2048, 2048, 2048, 2048, 2048, 2048, 2048]","[2048, 2048, 2048, 2049, 2049]",128.0
1220,9169,22,17,2023-09-23T07:12:34.619000+00:00,31.441,40.736,18.126,280.0,302.0,False,90.303,"[2049, 2049, 2049, 2049, 2049, 2049, 2049, 2049, 2049]","[2049, 2049, 2049, 2049, 2049, 2049, 2049, 2049, 2049, 2049, 2048]","[2048, 2048, 2049, 2048, 2048]",301.0
1220,9169,22,18,2023-09-23T07:14:04.868000+00:00,40.745,52.8,34.095,251.0,234.0,False,127.64,"[2048, 2048, 2048, 2048, 2048, 2048, 2048, 2048, 2048]","[2048, 2048, 2048, 2048, 2048, 2048, 2048, 2048, 2048, 2048, 2048]","[2048, 2048, 2048, 2064, 2064]",192.0
1220,9169,23,1,2023-09-23T06:04:55.086000+00:00,,52.765,24.671,252.0,180.0,True,,"[2064, 2064, 2049, 2049, 2049, 2049, 2049, 2049, 2049]","[2049, 2049, 2049, 2049, 2049, 2049, 2049, 2049, 2049, 2049, 2049]","[2049, 2049, 2049, 2049]",138.0
1220,9169,23,2,2023-09-23T06:07:03.366000+00:00,32.075,41.174,18.175,284.0,310.0,False,91.424,"[2049, 2049, 2049, 2049, 2049, 2049, 2049, 2049, 2051]","[2049, 2049, 2049, 2049, 2049, 2049, 2049, 2049, 2049, 2051, 2049]","[2049, 2049, 2049, 2048]",308.0
1220,9169,23,3,2023-09-23T06:08:34.818000+00:00,,,,,,False,,"[2048, 2048, 2048, 2048, 2048, 2048, 2048, 2048, 2048]","[2048, 2048, 2048, 2048, 2048, 2048, 2048, 2048, 2048, 2048, 2048]",[2048],
1220,9169,23,4,2023-09-23T06:28:47.664000+00:00,,52.073,23.407,257.0,267.0,True,1345.847,"[2064, 2064, 2048, 2048, 2048, 2048, 2048, 2048, 2048]","[2048, 2048, 2048, 2048, 2048, 2048, 2048, 2048, 2048, 2048, 2048]","[2048, 2048, 2048, 2049, 2049]",177.0
1220,9169,23,5,2023-09-23T06:31:00.709000+00:00,31.977,40.834,18.13,283.0,310.0,False,90.941,"[2049, 2048, 2049, 2049, 2049, 2049, 2049, 2048, 2048]","[2049, 2049, 2048, 2049, 2049, 2051, 2051, 2049, 2049, 2051, 2049]","[2049, 2048, 2049, 2048, 2048]",308.0
1220,9169,23,6,2023-09-23T06:32:31.583000+00:00,40.142,48.088,25.601,238.0,282.0,False,113.831,"[2048, 2048, 2048, 2048, 2048, 2048, 2048, 2048, 2048]","[2048, 2048, 2048, 2048, 2048, 2048, 2048, 2048, 2048, 2048, 2048]","[2048, 2048, 2048, 2064, 2064]",225.0
1220,9169,23,7,2023-09-23T06:39:11.891000+00:00,,51.734,22.139,253.0,230.0,True,408.752,"[2064, 2064, 2049, 2049, 2049, 2049, 2049, 2049, 2049]","[2049, 2051, 2049, 2049, 2049, 2051, 2051, 2049, 2051, 2051, 2051]","[2049, 2049, 2051, 2049, 2049]",208.0
1220,9169,23,8,2023-09-23T06:41:14.265000+00:00,32.268,41.172,18.117,283.0,309.0,False,91.557,"[2051, 2051, 2049, 2049, 2049, 2049, 2049, 2049, 2051]","[2049, 2049, 2049, 2049, 2049, 2051, 2051, 2049, 2049, 2051, 2051]","[2051, 2049, 2049, 2048]",308.0
1220,9169,23,9,2023-09-23T06:42:45.748000+00:00,39.334,49.317,26.347,238.0,262.0,False,114.998,"[2048, 2048, 2048, 2048, 2048, 2048, 2048, 2048, 2048]","[2048, 2048, 2048, 2048, 2048, 2048, 2048, 2048, 2048, 2048, 2048]","[2048, 2048, 2048, 2064, 2064]",220.0
1220,9169,23,10,2023-09-23T06:46:47.183000+00:00,,52.224,23.349,253.0,167.0,True,246.662,"[2064, 2064, 2048, 2048, 2048, 2048, 2048, 2048, 2048]","[2048, 2048, 2048, 2048, 2048, 2048, 2048, 2048, 2048, 2048, 2048]","[2048, 2048, 2048, 2049, 2049]",191.0
1220,9169,23,11,2023-09-23T06:48:47.463000+00:00,31.648,40.711,18.178,284.0,308.0,False,90.537,"[2049, 2049, 2049, 2049, 2049, 2049, 2049, 2049, 2051]","[2049, 2049, 2049, 2051, 2048, 2048, 2051, 2049, 2049, 2049, 2048]","[2048, 2049, 2048, 2048]",308.0
1220,9169,23,12,2023-09-23T06:50:17.930000+00:00,41.871,49.492,25.175,243.0,253.0,False,116.538,"[2048, 2048, 2048, 2048, 2048, 2048, 2048, 2048, 2048]","[2048, 2048, 2048, 2048, 2048, 2048, 2048, 2048, 2048, 2048, 2048]","[2048, 2048, 2048, 2064, 2064]",223.0
1220,9169,24,1,2023-09-23T06:05:10.258000+00:00,,55.347,20.835,247.0,190.0,True,,"[2064, 2064, 2049, 2049, 2049, 2049, 2049, 2049, 2049]","[2049, 2049, 2049, 2049, 2049, 2049, 2049, 2049, 2049, 2049, 2049]","[2049, 2049, 2049, 2049]",264.0
1220,9169,24,2,2023-09-23T06:07:19.897000+00:00,32.066,41.073,18.259,280.0,301.0,False,91.398,"[2049, 2049, 2049, 2049, 2049, 2049, 2049, 2049, 2049]","[2049, 2049, 2049, 2049, 2049, 2049, 2049, 2049, 2049, 2049, 2049]","[2049, 2049, 2049, 2048]",299.0
1220,9169,24,3,2023-09-23T06:08:51.318000+00:00,,,,,,False,,"[2048, 2048, 2048, 2048, 2048, 2048, 2048, 2048, 2048]","[2048, 2048, 2048, 2048, 2048, 2048, 2048, 2048, 2048, 2048, 2048]",[2048],
1220,9169,24,4,2023-09-23T06:27:07.962000+00:00,,50.123,23.902,231.0,277.0,True,1215.567,"[2064, 2064, 2048, 2048, 2048, 2048, 2048, 2048, 2048]","[2048, 2048, 2048, 2048, 2048, 2048, 2048, 2048, 2048, 2048, 2048]","[2048, 2048, 2048, 2049, 2049]",184.0
1220,9169,24,5,2023-09-23T06:29:06.945000+00:00,31.774,41.407,18.198,278.0,301.0,False,91.379,"[2048, 2049, 2049, 2049, 2049, 2049, 2049, 2049, 2048]","[2049, 2048, 2048, 2048, 2048, 2049, 2049, 2049, 2049, 2048, 2048]","[2049, 2049, 2048, 2048]",299.0
1220,9169,24,6,2023-09-23T06:30:38.272000+00:00,47.211,53.433,25.766,110.0,264.0,False,126.41,"[2049, 2048, 2048, 2048, 2048, 2048, 2048, 2048, 2048]","[2048, 2048, 2048, 2048, 2048, 2048, 2048, 2048, 2048, 2048, 2048]","[2048, 2048, 2048, 2064, 2064]",243.0
1220,9169,27,1,2023-09-23T06:03:44.633000+00:00,,50.906,26.907,242.0,278.0,True,,"[2064, 2064, 2049, 2049, 2049, 2049, 2049, 2049, 2049]","[2049, 2049, 2049, 2049, 2049, 2049, 2049, 2049, 2049, 2049, 2049]","[2049, 2049, 2049, 2049, 2049]",208.0
1220,9169,27,2,2023-09-23T06:05:50.866000+00:00,32.069,41.276,18.391,281.0,307.0,False,91.736,"[2049, 2049, 2049, 2049, 2049, 2049, 2049, 2049, 2049]","[2049, 2049, 2049, 2049, 2049, 2049, 2049, 2049, 2049, 2049, 2049]","[2049, 2049, 2049, 2048]",307.0
1220,9169,27,3,2023-09-23T06:07:22.615000+00:00,41.898,49.596,,162.0,276.0,False,,"[2048, 2048, 2048, 2048, 2048, 2048, 2048, 2048, 2048]","[2048, 2048, 2048, 2048, 2048, 2048, 2048, 2048, 2048, 2048, 2048]",[2048],
1220,9169,27,4,2023-09-23T06:27:11.899000+00:00,,52.946,21.999,234.0,240.0,True,1314.32,"[2064, 2064, 2048, 2048, 2048, 2048, 2048, 2048, 2048]","[2048, 2048, 2048, 2048, 2048, 2048, 2048, 2048, 2048, 2048, 2048]","[2048, 2048, 2048, 2049, 2049]",232.0
1220,9169,27,5,2023-09-23T06:29:16.960000+00:00,31.773,41.298,18.228,282.0,306.0,False,91.299,"[2048, 2048, 2049, 2049, 2049, 2049, 2049, 2049, 2049]","[2049, 2048, 2049, 2048, 2049, 2049, 2049, 2048, 2048, 2048, 2048]","[2048, 2049, 2049, 2048, 2048]",304.0
1220,9169,27,6,2023-09-23T06:30:48.193000+00:00,39.546,51.494,26.372,255.0,259.0,False,117.412,"[None, 2048, 2048, 2048, 2048, 2048, 2048, 2048, 2048]","[2048, 2048, 2048, 2048, 2048, 2048, 2048, 2048, 2048, 2048, 2048]","[2048, 2048, 2048, 2064, 2064]",248.0
1220,9169,31,1,2023-09-23T06:03:57.493000+00:00,,53.533,23.248,242.0,231.0,True,,"[2064, 2064, 2049, 2049, 2049, 2049, 2049, 2049, 2049]","[2049, 2049, 2049, 2049, 2049, 2049, 2049, 2049, 2049, 2049, 2049]","[2049, 2049, 2049, 2049, 2049]",192.0
1220,9169,31,2,2023-09-23T06:06:04.304000+00:00,31.792,41.168,18.209,283.0,308.0,False,91.169,"[2049, 2049, 2049, 2049, 2049, 2049, 2049, 2049, 2049]","[2049, 2049, 2049, 2049, 2049, 2049, 2051, 2049, 2049, 2049, 2051]","[2051, 2049, 2049, 2048, 2049]",307.0
1220,9169,31,3,2023-09-23T06:07:35.490000+00:00,42.991,,,223.0,,False,,"[2048, 2048, 2048, 2048, 2048, 2048, 2048, 2048, 2048]","[2048, 2048, 2048, 2048, 2048, 2048, 2048, 2048, 2048, 2048, 2048]",[2048],
1220,9169,31,4,2023-09-23T06:27:35.352000+00:00,,53.102,22.315,246.0,249.0,True,1328.364,"[2064, 2064, 2048, 2048, 2048, 2048, 2048, 2048, 2048]","[2048, 2048, 2048, 2048, 2048, 2048, 2048, 2048, 2048, 2048, 2048]","[2048, 2048, 2048, 2048, 2048]",193.0
1220,9169,31,5,2023-09-23T06:29:43.866000+00:00,31.659,40.98,18.321,283.0,307.0,False,90.96,"[2048, 2048, 2049, 2049, 2049, 2049, 2049, 2049, 2049]","[2048, 2049, 2049, 2049, 2049, 2048, 2048, 2049, 2049, 2049, 2048]","[2048, 2048, 2048, 2048]",306.0
1220,9169,31,6,2023-09-23T06:31:14.834000+00:00,42.45,51.813,26.682,239.0,235.0,False,120.945,"[None, 2048, 2048, 2048, 2048, 2048, 2048, 2048, 2048]","[2048, 2048, 2048, 2048, 2048, 2048, 2048, 2048, 2048, 2048, 2048]","[2048, 2048, 2048, 2064, 2064]",219.0
1220,9169,31,7,2023-09-23T06:41:46.967000+00:00,,52.851,22.505,137.0,232.0,True,639.9,"[2064, 2064, 2049, 2049, 2049, 2049, 2049, 2049, 2049]","[2049, 2049, 2049, 2049, 2049, 2049, 2049, 2049, 2049, 2049, 2049]","[2049, 2049, 2049, 2049]",217.0
1220,9169,31,8,2023-09-23T06:43:55.622000+00:00,31.959,41.154,18.262,283.0,307.0,False,91.375,"[2049, 2049, 2049, 2049, 2049, 2049, 2049, 2049, 2051]","[2049, 2049, 2049, 2049, 2049, 2049, 2049, 2049, 2049, 2049, 2049]","[2049, 2049, 2049, 2049, 2049]",307.0
1220,9169,31,9,2023-09-23T06:45:27.012000+00:00,39.58,52.144,27.828,206.0,214.0,False,119.552,"[2048, 2048, 2048, 2048, 2048, 2048, 2048, 2048, 2048]","[2048, 2048, 2048, 2048, 2048, 2048, 2048, 2048, 2048, 2048, 2048]","[2048, 2048, 2048, 2064, 2064]",196.0
1220,9169,31,10,2023-09-23T06:50:42.961000+00:00,,52.602,21.967,233.0,246.0,True,321.463,"[2064, 2064, 2048, 2048, 2048, 2048, 2048, 2048, 2048]","[2048, 2048, 2048, 2048, 2048, 2048, 2048, 2048, 2048, 2048, 2048]","[2048, 2048, 2048, 2049, 2049]",207.0
1220,9169,31,11,2023-09-23T06:52:48.101000+00:00,31.501,40.932,18.153,284.0,307.0,False,90.586,"[2049, 2049, 2049, 2049, 2049, 2049, 2049, 2049, 2051]","[2049, 2049, 2048, 2049, 2048, 2049, 2048, 2049, 2049, 2049, 2048]","[2049, 2049, 2049, 2048]",308.0
1220,9169,31,12,2023-09-23T06:54:18.615000+00:00,40.647,53.179,28.21,204.0,199.0,False,122.036,"[2048, 2048, 2048, 2048, 2048, 2048, 2048, 2048, 2048]","[2048, 2048, 2048, 2048, 2048, 2048, 2048, 2048, 2048, 2048, 2048]","[2048, 2048, 2048, 2064, 2064]",196.0
1220,9169,40,1,2023-09-23T06:00:09.386000+00:00,,54.061,22.311,237.0,251.0,True,,"[2064, 2064, 2049, 2051, 2051, 2051, 2051, 2051, 2049]","[2049, 2049, 2049, 2049, 2049, 2049, 2049, 2049, 2051, 2051, 2049]","[2051, 2049, 2049, 2049]",224.0
1220,9169,40,2,2023-09-23T06:02:15.963000+00:00,32.279,41.148,18.302,279.0,302.0,False,91.729,"[2051, 2051, 2049, 2049, 2049, 2051, 2049, 2049, 2051]","[2051, 2051, 2051, 2051, 2051, 2051, 2051, 2051, 2051, 2051, 2051]","[2051, 2049, 2049, 2049, 2051]",300.0
1220,9169,40,3,2023-09-23T06:03:47.743000+00:00,36.381,45.985,24.449,252.0,273.0,False,106.815,"[2048, 2048, 2048, 2048, 2048, 2048, 2048, 2048, 2048]","[2048, 2048, 2048, 2048, 2048, 2048, 2048, 2048, 2048, 2048, 2048]","[2048, 2048, 2048, 2064, 2064]",265.0
1220,9169,40,4,2023-09-23T06:07:24.490000+00:00,,,,225.0,,True,,"[2064, 2064, 2048, 2048, 2048, 2048, 2048, 2048, 2048]","[2048, 2048, 2048, 2048, 2048, 2048, 2048, 2048, 2048, 2048, 2048]",[2048],
1220,9169,40,5,2023-09-23T06:22:16.871000+00:00,,49.038,23.182,243.0,210.0,True,1131.217,"[None, 2064, 2048, 2048, 2048, 2048, 2048, 2048, 2048]","[2048, 2048, 2048, 2048, 2048, 2048, 2048, 2048, 2048, 2048, 2048]","[2048, 2048, 2048, 2049, 2048]",216.0
1220,9169,40,6,2023-09-23T06:24:25.838000+00:00,31.801,40.966,18.205,279.0,300.0,False,90.972,"[2049, 2049, 2049, 2049, 2049, 2049, 2049, 2049, 2049]","[2049, 2049, 2049, 2049, 2048, 2049, 2049, 2049, 2048, 2048, 2048]","[2048, 2049, 2049, 2049, 2049]",300.0
1220,9169,40,7,2023-09-23T06:25:56.712000+00:00,35.573,45.024,24.962,254.0,276.0,False,105.559,"[2048, 2048, 2048, 2048, 2048, 2048, 2048, 2048, 2048]","[2048, 2048, 2048, 2048, 2048, 2048, 2048, 2048, 2048, 2048, 2048]","[2048, 2048, 2048, 2064, 2064]",278.0
1220,9169,40,8,2023-09-23T06:28:19.430000+00:00,97.542,53.988,24.04,253.0,240.0,True,175.57,"[2064, 2064, 2048, 2048, 2048, 2048, 2048, 2048, 2048]","[2048, 2048, 2048, 2048, 2048, 2048, 2048, 2048, 2048, 2048, 2048]","[2048, 2048, 2048, 2048, 2048]",211.0
1220,9169,40,9,2023-09-23T06:30:37.928000+00:00,31.585,40.755,18.085,281.0,303.0,False,90.425,"[2048, 2049, 2049, 2049, 2048, 2049, 2049, 2051, 2049]","[2051, 2048, 2049, 2049, 2049, 2049, 2048, 2049, 2049, 2048, 2049]","[2049, 2049, 2049, 2048, 2048]",301.0
1220,9169,40,10,2023-09-23T06:32:08.286000+00:00,43.548,52.227,29.256,235.0,226.0,False,125.031,"[None, 2048, 2048, 2048, 2048, 2048, 2048, 2048, 2048]","[2048, 2048, 2048, 2048, 2048, 2048, 2048, 2048, 2048, 2048, 2048]","[2048, 2048, 2048, 2064, 2064]",226.0
1220,9169,40,11,2023-09-23T06:41:53.874000+00:00,,50.199,21.337,223.0,257.0,True,590.603,"[2064, 2064, 2049, 2049, 2049, 2049, 2049, 2049, 2049]","[2049, 2049, 2049, 2049, 2049, 2049, 2049, 2049, 2049, 2049, 2049]","[2049, 2049, 2049, 2049, 2049]",244.0
1220,9169,40,12,2023-09-23T06:44:03.919000+00:00,31.947,41.138,18.165,279.0,303.0,False,91.25,"[2049, 2049, 2049, 2049, 2049, 2049, 2049, 2049, 2049]","[2049, 2049, 2049, 2049, 2049, 2049, 2049, 2049, 2049, 2049, 2049]","[2049, 2049, 2049, 2049]",299.0
1220,9169,40,13,2023-09-23T06:45:35.152000+00:00,38.518,48.179,28.318,247.0,250.0,False,115.015,"[2048, 2048, 2048, 2048, 2048, 2048, 2048, 2048, 2048]","[2048, 2048, 2048, 2048, 2048, 2048, 2048, 2048, 2048, 2048, 2048]","[2048, 2048, 2048, 2064, 2064]",209.0
1220,9169,40,14,2023-09-23T06:50:27.524000+00:00,,55.653,22.327,208.0,245.0,True,306.968,"[2064, 2064, 2048, 2048, 2048, 2048, 2048, 2048, 2048]","[2048, 2048, 2048, 2048, 2048, 2048, 2048, 2048, 2048, 2048, 2048]","[2048, 2048, 2048, 2049, 2048]",208.0
1220,9169,40,15,2023-09-23T06:52:37.226000+00:00,31.481,40.98,18.047,279.0,302.0,False,90.508,"[2049, 2049, 2049, 2049, 2049, 2049, 2049, 2049, 2049]","[2049, 2048, 2048, 2049, 2049, 2049, 2048, 2049, 2049, 2049, 2049]","[2049, 2049, 2051, 2048, 2048]",300.0
1220,9169,40,16,2023-09-23T06:54:07.662000+00:00,43.343,50.179,32.995,241.0,227.0,False,126.517,"[2048, 2048, 2048, 2048, 2048, 2048, 2048, 2048, 2048]","[2048, 2048, 2048, 2048, 2048, 2048, 2048, 2048, 2048, 2048, 2048]","[2048, 2048, 2048, 2064, 2064]",217.0
1220,9169,44,1,2023-09-23T06:03:40.430000+00:00,,53.741,22.189,230.0,245.0,True,,"[2064, 2064, 2049, 2049, 2049, 2049, 2049, 2049, 2049]","[2049, 2049, 2049, 2049, 2049, 2049, 2049, 2049, 2049, 2049, 2049]","[2049, 2049, 2049, 2049]",208.0
1220,9169,44,2,2023-09-23T06:05:40.117000+00:00,31.766,41.05,18.201,281.0,304.0,False,91.017,"[2049, 2049, 2049, 2049, 2049, 2049, 2049, 2049, 2049]","[2049, 2049, 2049, 2051, 2049, 2049, 2049, 2049, 2049, 2049, 2049]","[2049, 2049, 2049, 2048]",302.0
1220,9169,44,3,2023-09-23T06:07:11.147000+00:00,37.766,49.702,,254.0,269.0,False,,"[2048, 2048, 2048, 2048, 2048, 2048, 2048, 2048, 2048]","[2048, 2048, 2048, 2048, 2048, 2048, 2048, 2048, 2048, 2048, 2048]",[2048],231.0
1220,9169,44,4,2023-09-23T06:28:31.133000+00:00,,54.061,21.448,236.0,249.0,True,1419.402,"[2064, 2064, 2048, 2048, 2048, 2048, 2048, 2048, 2048]","[2048, 2048, 2048, 2048, 2048, 2048, 2048, 2048, 2048, 2048, 2048]","[2048, 2048, 2048, 2049, 2048]",240.0
1220,9169,44,5,2023-09-23T06:30:50.584000+00:00,31.639,40.897,18.275,279.0,302.0,False,90.811,"[2048, 2048, 2048, 2049, 2049, 2049, 2049, 2049, 2048]","[2049, 2049, 2049, 2051, 2049, 2049, 2049, 2048, 2048, 2048, 2048]","[2048, 2048, 2049, 2048]",301.0
1220,9169,44,6,2023-09-23T06:32:21.333000+00:00,39.891,45.726,26.957,242.0,253.0,False,112.574,"[None, 2048, 2048, 2048, 2048, 2048, 2048, 2048, 2048]","[2048, 2048, 2048, 2048, 2048, 2048, 2048, 2048, 2048, 2048, 2048]","[2048, 2048, 2048, 2064, 2064]",229.0
1220,9169,44,7,2023-09-23T06:41:19.905000+00:00,,55.836,21.582,219.0,233.0,True,545.178,"[2064, 2064, 2049, 2049, 2049, 2049, 2049, 2049, 2049]","[2049, 2049, 2049, 2049, 2049, 2049, 2049, 2049, 2049, 2049, 2049]","[2049, 2049, 2049, 2049]",225.0
1220,9169,44,8,2023-09-23T06:43:19.107000+00:00,31.939,41.096,18.187,279.0,303.0,False,91.222,"[2049, 2049, 2049, 2049, 2049, 2049, 2049, 2049, 2049]","[2049, 2049, 2049, 2049, 2049, 2049, 2049, 2049, 2049, 2049, 2049]","[2049, 2049, 2049, 2048]",301.0
1220,9169,44,9,2023-09-23T06:44:50.325000+00:00,39.015,44.182,22.663,251.0,283.0,False,105.86,"[2048, 2048, 2048, 2048, 2048, 2048, 2048, 2048, 2048]","[2048, 2048, 2048, 2048, 2048, 2048, 2048, 2048, 2048, 2048, 2048]","[2048, 2048, 2048, 2064, 2064]",254.0
1220,9169,44,10,2023-09-23T06:50:18.290000+00:00,,54.155,21.651,225.0,254.0,True,351.325,"[2064, 2064, 2048, 2048, 2048, 2048, 2048, 2048, 2048]","[2048, 2048, 2048, 2048, 2048, 2048, 2048, 2048, 2048, 2048, 2048]","[2048, 2048, 2048, 2049, 2049]",214.0
1220,9169,44,11,2023-09-23T06:52:27.585000+00:00,31.247,40.714,18.079,280.0,304.0,False,90.04,"[2049, 2049, 2049, 2049, 2049, 2051, 2049, 2049, 2049]","[2049, 2051, 2049, 2049, 2049, 2048, 2048, 2049, 2049, 2049, 2049]","[2049, 2049, 2049, 2048, 2049]",302.0
1220,9169,44,12,2023-09-23T06:53:57.584000+00:00,40.125,48.595,22.371,220.0,266.0,False,111.091,"[2048, 2048, 2048, 2048, 2048, 2048, 2048, 2048, 2048]","[2048, 2048, 2048, 2048, 2048, 2048, 2048, 2048, 2048, 2048, 2048]","[2048, 2048, 2048, 2064, 2064]",265.0
1220,9169,44,13,2023-09-23T07:02:17.954000+00:00,,54.211,22.191,229.0,246.0,True,516.34,"[2064, 2064, 2049, 2049, 2049, 2049, 2049, 2049, 2049]","[2049, 2049, 2049, 2049, 2049, 2049, 2049, 2049, 2049, 2049, 2049]","[2051, 2049, 2049, 2049, 2049]",212.0
1220,9169,44,14,2023-09-23T07:04:25.046000+00:00,31.697,40.833,18.189,280.0,304.0,False,90.719,"[2049, 2049, 2049, 2049, 2049, 2049, 2049, 2049, 2049]","[2049, 2049, 2049, 2049, 2049, 2049, 2049, 2049, 2049, 2049, 2049]","[2049, 2049, 2049, 2048]",302.0
1220,9169,44,15,2023-09-23T07:05:55.701000+00:00,35.287,48.882,26.636,254.0,224.0,False,110.805,"[2048, 2048, 2048, 2048, 2048, 2048, 2048, 2048, 2048]","[2048, 2048, 2048, 2048, 2048, 2048, 2048, 2048, 2048, 2048, 2048]","[2048, 2048, 2048, 2064, 2064]",205.0
1220,9169,44,16,2023-09-23T07:11:01.120000+00:00,,54.618,21.047,215.0,272.0,True,313.519,"[2064, 2064, 2048, 2048, 2048, 2048, 2048, 2048, 2048]","[2048, 2048, 2048, 2048, 2048, 2048, 2048, 2048, 2048, 2048, 2048]","[2048, 2048, 2048, 2049, 2049]",234.0
1220,9169,44,17,2023-09-23T07:13:00.087000+00:00,31.312,40.616,17.98,279.0,303.0,False,89.908,"[2049, 2049, 2049, 2049, 2049, 2049, 2049, 2049, 2048]","[2049, 2048, 2048, 2049, 2049, 2049, 2049, 2049, 2049, 2049, 2049]","[2048, 2048, 2049, 2048, 2048]",301.0
1220,9169,44,18,2023-09-23T07:14:29.930000+00:00,40.683,50.025,30.142,230.0,235.0,False,120.85,"[2048, 2048, 2048, 2048, 2048, 2048, 2048, 2048, 2048]","[2048, 2048, 2048, 2048, 2048, 2048, 2048, 2048, 2048, 2048, 2048]","[2048, 2048, 2048, 2064, 2064]",221.0
1220,9169,55,1,2023-09-23T06:05:39.882000+00:00,,52.422,26.863,253.0,218.0,True,,"[2064, 2064, 2049, 2049, 2049, 2049, 2049, 2049, 2049]","[2049, 2049, 2049, 2049, 2049, 2049, 2049, 2049, 2049, 2049, 2049]","[2049, 2049, 2049, 2049]",219.0
1220,9169,55,2,2023-09-23T06:07:52.599000+00:00,31.701,,,282.0,,False,,"[2049, 2049, 2049, 2049, 2049, 2049, 2049, 2049, 2049]","[2049, 2049, 2049, 2049, 2049, 2049, 2049, 2049, 2049, 2048, 2048]",[2048],
1220,9169,55,3,2023-09-23T06:22:09.856000+00:00,,51.16,23.606,254.0,275.0,True,987.237,"[2064, 2064, 2048, 2048, 2048, 2048, 2048, 2048, 2048]","[2048, 2048, 2048, 2048, 2048, 2048, 2048, 2048, 2048, 2049, 2049]","[2049, 2049, 2049, 2049, 2048]",186.0
1220,9169,55,4,2023-09-23T06:24:19.870000+00:00,31.671,40.87,18.11,281.0,303.0,False,90.651,"[2048, 2048, 2048, 2048, 2048, 2048, 2049, 2049, 2049]","[2049, 2049, 2049, 2049, 2048, 2048, 2049, 2049, 2049, 2049, 2049]","[2049, 2049, 2051, 2048]",301.0
1220,9169,55,5,2023-09-23T06:25:50.447000+00:00,45.443,49.313,24.677,226.0,270.0,False,119.433,"[None, 2048, 2048, 2048, 2048, 2048, 2048, 2048, 2048]","[2048, 2048, 2048, 2048, 2048, 2048, 2048, 2048, 2048, 2048, 2048]","[2048, 2048, 2048, 2064, 2064]",258.0
1220,9169,55,6,2023-09-23T06:40:10.437000+00:00,,53.724,23.449,257.0,221.0,True,869.189,"[2064, 2064, 2049, 2049, 2049, 2049, 2049, 2049, 2049]","[2049, 2049, 2049, 2049, 2049, 2049, 2049, 2049, 2049, 2049, 2049]","[2049, 2049, 2049, 2049]",230.0
1220,9169,55,7,2023-09-23T06:42:19.108000+00:00,31.798,41.222,18.136,281.0,305.0,False,91.156,"[2049, 2049, 2049, 2049, 2049, 2049, 2049, 2049, 2049]","[2049, 2049, 2049, 2049, 2049, 2049, 2049, 2049, 2049, 2049, 2049]","[2049, 2049, 2049, 2048]",301.0
1220,9169,55,8,2023-09-23T06:43:50.216000+00:00,45.186,50.673,23.83,163.0,244.0,False,119.689,"[2048, 2048, 2048, 2048, 2048, 2048, 2048, 2048, 2048]","[2048, 2048, 2048, 2048, 2048, 2048, 2048, 2048, 2048, 2048, 2048]","[2048, 2048, 2048, 2064, 2064]",257.0
1220,9169,55,9,2023-09-23T06:49:57.665000+00:00,,53.802,23.374,231.0,263.0,True,374.289,"[2064, 2064, 2048, 2048, 2048, 2048, 2048, 2048, 2048]","[2048, 2048, 2048, 2048, 2048, 2048, 2048, 2048, 2048, 2048, 2048]","[2048, 2048, 2048, 2051, 2051]",214.0
1220,9169,55,10,2023-09-23T06:52:04.273000+00:00,31.278,40.68,18.109,282.0,305.0,False,90.067,"[2049, 2049, 2049, 2049, 2049, 2049, 2049, 2049, 2049]","[2049, 2049, 2051, 2049, 2049, 2049, 2048, 2049, 2049, 2049, 2049]","[2049, 2049, 2048, 2048, 2048]",304.0
1220,9169,55,11,2023-09-23T06:53:34.272000+00:00,43.541,50.776,26.706,212.0,232.0,False,121.023,"[2048, 2048, 2048, 2048, 2048, 2048, 2048, 2048, 2048]","[2048, 2048, 2048, 2048, 2048, 2048, 2048, 2048, 2048, 2048, 2048]","[2048, 2048, 2048, 2064, 2064]",224.0
1220,9169,55,12,2023-09-23T07:10:05.183000+00:00,,53.722,23.493,245.0,228.0,True,997.797,"[2064, 2064, 2049, 2049, 2049, 2049, 2049, 2049, 2049]","[2049, 2049, 2049, 2049, 2049, 2049, 2049, 2049, 2049, 2049, 2049]","[2049, 2049, 2049, 2049, 2049]",231.0
1220,9169,55,13,2023-09-23T07:12:13.197000+00:00,31.332,40.564,17.954,281.0,304.0,False,89.85,"[2049, 2049, 2049, 2049, 2049, 2049, 2049, 2049, 2049]","[2049, 2049, 2049, 2049, 2049, 2049, 2049, 2049, 2049, 2049, 2049]","[2049, 2049, 2049, 2048, 2049]",302.0
1220,9169,55,14,2023-09-23T07:13:42.930000+00:00,44.792,52.519,28.301,199.0,199.0,False,125.612,"[2048, 2048, 2048, 2048, 2048, 2048, 2048, 2048, 2048]","[2048, 2048, 2048, 2048, 2048, 2048, 2048, 2048, 2048, 2048, 2048]","[2048, 2048, 2048, 2064, 2064]",199.0
1220,9169,63,1,2023-09-23T06:03:43.508000+00:00,,52.82,24.201,247.0,277.0,True,,"[2064, 2064, 2049, 2049, 2049, 2049, 2049, 2049, 2049]","[2049, 2049, 2049, 2049, 2049, 2049, 2049, 2049, 2049, 2049, 2049]","[2049, 2049, 2049, 2049]",160.0
1220,9169,63,2,2023-09-23T06:05:46.132000+00:00,31.916,40.907,18.159,278.0,305.0,False,90.982,"[2049, 2049, 2049, 2049, 2049, 2049, 2049, 2049, 2049]","[2049, 2049, 2049, 2049, 2049, 2049, 2049, 2049, 2049, 2049, 2051]","[2049, 2049, 2049, 2048]",302.0
1220,9169,63,3,2023-09-23T06:07:17.131000+00:00,45.415,51.972,,169.0,249.0,False,,"[2048, 2048, 2048, 2048, 2048, 2048, 2048, 2048, 2048]","[2048, 2048, 2048, 2048, 2048, 2048, 2048, 2048, 2048, 2048, 2048]",[2048],
1220,9169,63,4,2023-09-23T06:27:49.617000+00:00,,54.145,21.001,244.0,278.0,True,1357.414,"[2064, 2064, 2048, 2048, 2048, 2048, 2048, 2048, 2048]","[2048, 2048, 2048, 2048, 2048, 2048, 2048, 2048, 2048, 2048, 2048]","[2048, 2048, 2048, 2048, 2048]",224.0
1220,9169,63,5,2023-09-23T06:29:54.600000+00:00,31.77,40.879,18.162,279.0,304.0,False,90.811,"[2048, 2048, 2048, 2048, 2048, 2049, 2049, 2049, 2049]","[2048, 2049, 2049, 2049, 2049, 2049, 2049, 2049, 2048, 2048, 2048]","[2048, 2049, 2048, 2048, 2048]",300.0
1220,9169,63,6,2023-09-23T06:31:25.334000+00:00,47.256,53.282,25.823,241.0,256.0,False,126.361,"[None, 2048, 2048, 2048, 2048, 2048, 2048, 2048, 2048]","[2048, 2048, 2048, 2048, 2048, 2048, 2048, 2048, 2048, 2048, 2048]","[2048, 2048, 2048, 2064, 2064]",231.0
1220,9169,63,7,2023-09-23T06:41:26.858000+00:00,,53.05,22.239,237.0,276.0,True,596.858,"[2064, 2064, 2049, 2049, 2049, 2049, 2049, 2049, 2049]","[2049, 2049, 2049, 2049, 2049, 2049, 2049, 2049, 2049, 2049, 2049]","[2049, 2049, 2049, 2049]",183.0
1220,9169,63,8,2023-09-23T06:43:28.607000+00:00,31.991,41.035,18.132,278.0,304.0,False,91.158,"[2049, 2049, 2049, 2049, 2049, 2049, 2049, 2049, 2049]","[2049, 2049, 2049, 2049, 2049, 2049, 2049, 2049, 2051, 2049, 2049]","[2049, 2049, 2049, 2048]",300.0
1220,9169,63,9,2023-09-23T06:44:59.715000+00:00,40.865,49.445,25.435,246.0,276.0,False,115.745,"[2048, 2048, 2048, 2048, 2048, 2048, 2048, 2048, 2048]","[2048, 2048, 2048, 2048, 2048, 2048, 2048, 2048, 2048, 2048, 2048]","[2048, 2048, 2048, 2064, 2064]",231.0
1220,9169,63,10,2023-09-23T06:51:03.899000+00:00,,52.378,21.982,239.0,278.0,True,371.598,"[2064, 2064, 2048, 2048, 2048, 2048, 2048, 2048, 2048]","[2048, 2048, 2048, 2048, 2048, 2048, 2048, 2048, 2048, 2048, 2048]","[2048, 2048, 2048, 2049, 2049]",183.0
1220,9169,63,11,2023-09-23T06:53:07.132000+00:00,31.674,40.552,18.042,279.0,304.0,False,90.268,"[2049, 2049, 2048, 2049, 2048, 2049, 2049, 2049, 2049]","[2049, 2049, 2049, 2049, 2049, 2048, 2048, 2049, 2049, 2049, 2049]","[2049, 2049, 2049, 2048]",302.0
1220,9169,63,12,2023-09-23T06:54:37.334000+00:00,45.97,52.278,25.649,225.0,270.0,False,123.897,"[2048, 2048, 2048, 2048, 2048, 2048, 2048, 2048, 2048]","[2048, 2048, 2048, 2048, 2048, 2048, 2048, 2048, 2048, 2048, 2048]","[2048, 2048, 2048, 2064, 2064]",228.0
1220,9169,63,13,2023-09-23T07:06:34.294000+00:00,,53.097,21.542,245.0,271.0,True,711.823,"[2064, 2064, 2049, 2049, 2049, 2049, 2049, 2049, 2049]","[2049, 2049, 2049, 2049, 2049, 2049, 2049, 2049, 2049, 2049, 2049]","[2049, 2049, 2049, 2049, 2049]",203.0
1220,9169,63,14,2023-09-23T07:08:33.121000+00:00,31.547,40.624,18.048,280.0,303.0,False,90.219,"[2049, 2049, 2049, 2049, 2049, 2049, 2049, 2049, 2049]","[2049, 2049, 2049, 2049, 2049, 2049, 2049, 2049, 2049, 2049, 2049]","[2049, 2049, 2051, 2048, 2048]",300.0
1220,9169,63,15,2023-09-23T07:10:03.261000+00:00,45.751,51.685,27.93,212.0,241.0,False,125.366,"[2048, 2048, 2048, 2048, 2048, 2048, 2048, 2048, 2048]","[2048, 2048, 2048, 2048, 2048, 2048, 2048, 2048, 2048, 2048, 2048]","[2048, 2048, 2048, 2064, 2064]",226.0
1220,9169,77,1,2023-09-23T06:05:16.945000+00:00,,62.284,19.739,211.0,278.0,True,,"[2064, 2064, 2049, 2049, 2049, 2049, 2049, 2049, 2049]","[2049, 2049, 2049, 2049, 2049, 2049, 2049, 2049, 2049, 2049, 2049]","[2049, 2049, 2049, 2051]",260.0
1220,9169,77,2,2023-09-23T06:07:32.350000+00:00,31.867,41.186,,280.0,302.0,False,,"[2049, 2049, 2049, 2049, 2049, 2049, 2049, 2049, 2049]","[2049, 2049, 2049, 2049, 2049, 2049, 2049, 2049, 2049, 2049, 2049]",[2049],299.0
1220,9169,77,3,2023-09-23T06:27:09.993000+00:00,,52.579,20.576,247.0,274.0,True,1298.999,"[2064, 2064, 2048, 2048, 2048, 2048, 2048, 2048, 2048]","[2048, 2048, 2048, 2048, 2048, 2048, 2048, 2048, 2048, 2048, 2048]","[2048, 2048, 2048, 2048, 2049]",249.0
1220,9169,77,4,2023-09-23T06:29:11.413000+00:00,31.878,41.001,18.17,279.0,302.0,False,91.049,"[2048, 2049, 2049, 2049, 2048, 2048, 2048, 2049, 2048]","[2049, 2048, 2048, 2049, 2049, 2049, 2049, 2049, 2049, 2049, 2049]","[2049, 2049, 2049, 2048]",300.0
1220,9169,77,5,2023-09-23T06:30:42.428000+00:00,43.541,51.652,26.861,246.0,278.0,False,122.054,"[None, 2048, 2048, 2048, 2048, 2048, 2048, 2048, 2048]","[2048, 2048, 2048, 2048, 2048, 2048, 2048, 2048, 2048, 2048, 2048]","[2048, 2048, 2048, 2064, 2064]",264.0
1220,9169,81,1,2023-09-23T06:04:46.586000+00:00,,53.724,25.716,246.0,268.0,True,,"[2064, 2064, 2049, 2049, 2049, 2049, 2049, 2049, 2049]","[2049, 2049, 2049, 2049, 2049, 2049, 2049, 2049, 2049, 2049, 2049]","[2049, 2049, 2049, 2051]",110.0
1220,9169,81,2,2023-09-23T06:06:55.725000+00:00,31.343,40.97,18.126,279.0,306.0,False,90.439,"[2049, 2049, 2049, 2049, 2051, 2049, 2049, 2049, 2049]","[2049, 2049, 2049, 2049, 2049, 2049, 2049, 2049, 2049, 2049, 2049]","[2049, 2049, 2049, 2048]",302.0
1220,9169,81,3,2023-09-23T06:08:26.177000+00:00,,,,,,False,,"[2048, 2048, 2048, 2048, 2048, 2048, 2048, 2048, 2048]","[2048, 2048, 2048, 2048, 2048, 2048, 2048, 2048, 2048, 2048, 2048]",[2048],
1220,9169,81,4,2023-09-23T06:28:40.711000+00:00,,51.352,24.988,228.0,264.0,True,1350.461,"[2064, 2064, 2048, 2048, 2048, 2048, 2048, 2048, 2048]","[2048, 2048, 2048, 2048, 2048, 2048, 2048, 2048, 2048, 2048, 2048]","[2048, 2048, 2048, 2048, 2048]",134.0
1220,9169,81,5,2023-09-23T06:30:56.693000+00:00,37.587,48.654,27.282,231.0,271.0,False,113.523,"[2048, 2048, 2048, 2048, 2048, 2048, 2048, 2048, 2048]","[2048, 2048, 2048, 2048, 2048, 2048, 2048, 2048, 2048, 2048, 2048]","[2048, 2048, 2048, 2064, 2064]",220.0
1220,9169,81,6,2023-09-23T06:42:41.045000+00:00,,52.452,25.075,243.0,217.0,True,723.631,"[2064, 2064, 2049, 2049, 2049, 2049, 2049, 2049, 2049]","[2049, 2049, 2049, 2049, 2049, 2049, 2049, 2049, 2049, 2049, 2049]","[2049, 2049, 2049, 2051, 2051]",153.0
1220,9169,81,7,2023-09-23T06:44:53.762000+00:00,31.232,40.816,18.074,279.0,307.0,False,90.122,"[2051, 2049, 2051, 2049, 2051, 2049, 2049, 2049, 2049]","[2049, 2049, 2049, 2049, 2049, 2049, 2049, 2049, 2049, 2051, 2049]","[2049, 2049, 2049, 2048]",302.0
1220,9169,81,8,2023-09-23T06:46:23.902000+00:00,39.348,54.496,28.443,210.0,213.0,False,122.287,"[2048, 2048, 2048, 2048, 2048, 2048, 2048, 2048, 2048]","[2048, 2048, 2048, 2048, 2048, 2048, 2048, 2048, 2048, 2048, 2048]","[2048, 2048, 2048, 2064, 2064]",168.0
1220,9169,81,9,2023-09-23T07:02:24.407000+00:00,,54.701,24.378,258.0,218.0,True,968.483,"[2064, 2064, 2049, 2049, 2049, 2049, 2049, 2051, 2051]","[2051, 2051, 2049, 2049, 2049, 2049, 2049, 2049, 2049, 2049, 2049]","[2049, 2049, 2049, 2049, 2049]",148.0
1220,9169,81,10,2023-09-23T07:04:34.733000+00:00,31.173,40.356,17.929,282.0,307.0,False,89.458,"[2049, 2049, 2049, 2049, 2049, 2049, 2049, 2049, 2051]","[2049, 2049, 2049, 2049, 2049, 2051, 2049, 2049, 2049, 2051, 2049]","[2049, 2049, 2049, 2048]",304.0
1220,9169,81,11,2023-09-23T07:06:04.107000+00:00,39.982,47.3,24.39,251.0,283.0,False,111.672,"[2048, 2048, 2048, 2048, 2048, 2048, 2048, 2048, 2048]","[2048, 2048, 2048, 2048, 2048, 2048, 2048, 2048, 2048, 2048, 2048]","[2048, 2048, 2048, 2064, 2064]",236.0
1220,9169,81,12,2023-09-23T07:10:07.995000+00:00,,53.356,25.614,250.0,224.0,True,265.38,"[2064, 2064, 2048, 2048, 2048, 2048, 2048, 2048, 2048]","[2048, 2048, 2048, 2048, 2048, 2048, 2048, 2048, 2048, 2048, 2048]","[2048, 2048, 2048, 2049, 2051]",166.0
1220,9169,81,13,2023-09-23T07:12:21.244000+00:00,30.952,40.641,17.947,281.0,307.0,False,89.54,"[2049, 2049, 2048, 2049, 2048, 2049, 2049, 2049, 2048]","[2048, 2048, 2048, 2048, 2048, 2051, 2051, 2048, 2048, 2048, 2048]","[2048, 2049, 2048, 2048, 2048]",303.0
1220,9169,81,14,2023-09-23T07:13:50.758000+00:00,41.81,49.926,30.388,237.0,239.0,False,122.124,"[2048, 2048, 2048, 2048, 2048, 2048, 2048, 2048, 2048]","[2048, 2048, 2048, 2048, 2048, 2048, 2048, 2048, 2048, 2048, 2048]","[2048, 2048, 2048, 2064, 2064]",190.0
